sample_id,site_id,group_id,year,season,role,m,h,u_m,u_h,feasible,habitat_suitability,target_protection,target_restoration,m_artifact_id,h_artifact_id,conservation_score,restoration_candidate_score,alpha,beta,gamma,delta
demo_00_00,site_00_00,block_00,2023,spring,train,0.678182969754424,0.6056913756107878,0.03,0.1,0,1.0,0.5971490979520709,,M_00,H_00,0.61466056,0.0,0.13003156,0.8699685,0.6012052,0.39879483
demo_00_01,site_00_01,block_00,2024,summer,train,0.7345502904823649,0.8448814660708077,0.13,0.03,1,1.0,0.6212814327384986,0.5350615053306458,M_00,H_00,0.7454179,0.504253,0.8950495,0.10495048,0.7580941,0.24190596
demo_00_02,site_00_02,block_00,2023,autumn,train,0.4727678547274655,0.7359325464007287,0.13,0.03,1,1.0,0.3996111116786971,0.3356281313792706,M_00,H_00,0.49423477,0.37979788,0.8996547,0.10034541,0.6240293,0.37597075
demo_00_03,site_00_03,block_00,2024,winter,train,0.4312279726201056,0.2561143933111856,0.03,0.1,1,1.0,0.1919068807580272,0.470570681585398,M_00,H_00,0.27083254,0.4621031,0.107246086,0.89275396,0.8731755,0.12682453
demo_00_04,site_00_04,block_00,2023,spring,train,0.246675252441198,0.4830975770813464,0.03,0.1,1,1.0,0.1641263910123224,0.3036761485005889,M_00,H_00,0.263865,0.31114075,0.8997765,0.10022344,0.6861605,0.31383952
demo_00_05,site_00_05,block_00,2024,summer,train,0.3930424207971331,0.8260897313036547,0.13,0.03,1,1.0,0.2132086267292033,0.1868191155184387,M_00,H_00,0.4234132,0.282931,0.89979476,0.10020525,0.5968563,0.40314367
demo_00_06,site_00_06,block_00,2023,autumn,train,0.7882944783452535,0.3564228279294019,0.13,0.03,1,1.0,0.5553252650334113,0.6944884734707438,M_00,H_00,0.5722672,0.7096165,0.5965175,0.40348253,0.48159933,0.51840067
demo_00_07,site_00_07,block_00,2024,winter,train,0.1511896545919401,0.2846913021691646,0.03,0.1,1,1.0,0.0071716102052663,0.2254059338238552,M_00,H_00,0.1612806,0.20140518,0.8979082,0.10209188,0.81547576,0.18452421
demo_00_08,site_00_08,block_00,2023,spring,train,0.2506072877523401,0.8368751948882471,0.03,0.1,1,1.0,0.1813599555905113,0.2026920854498692,M_00,H_00,0.28279322,0.21290995,0.89979255,0.1002075,0.6203338,0.37966615
demo_00_09,site_00_09,block_00,2024,summer,train,0.6701140330371871,0.5026974434102712,0.13,0.03,1,1.0,0.4258247019958929,0.4820897168990589,M_00,H_00,0.51844,0.59461355,0.10727013,0.8927299,0.59920716,0.40079284
demo_00_10,site_00_10,block_00,2023,autumn,train,0.8642133087818895,0.7239569015324347,0.13,0.03,1,1.0,0.646632287509624,0.5838611795076151,M_00,H_00,0.73956037,0.5516324,0.12041555,0.87958443,0.6066306,0.39336938
demo_00_11,site_00_11,block_00,2024,winter,train,0.7135150951596656,0.3964781052903409,0.03,0.1,1,1.0,0.5368762742768511,0.6440297087841875,M_00,H_00,0.52341646,0.6623073,0.47271067,0.52728933,0.5551705,0.44482952
demo_00_12,site_00_12,block_00,2023,spring,train,0.6934946677103425,0.6433006952608046,0.03,0.1,1,1.0,0.5272208358576542,0.5558050766307333,M_00,H_00,0.65124005,0.53518176,0.16326156,0.83673847,0.6102324,0.3897676
demo_00_13,site_00_13,block_00,2024,summer,train,0.262384333183395,0.6594211085901461,0.13,0.03,0,1.0,0.3323533873307162,,M_00,H_00,0.28777266,0.0,0.89977723,0.1002228,0.46102905,0.53897095
demo_00_14,site_00_14,block_00,2023,autumn,train,0.9100551212101984,0.3817970616645573,0.13,0.03,1,1.0,0.6140678445070835,0.7370167068850727,M_00,H_00,0.64368117,0.72888297,0.60131794,0.39868206,0.42591506,0.574085
demo_00_15,site_00_15,block_00,2024,winter,train,0.3690466338348902,0.8571071048014712,0.03,0.1,1,1.0,0.2883870282169448,0.2633555911475388,M_00,H_00,0.40157634,0.29285285,0.89975,0.10025012,0.75627536,0.2437247
demo_00_16,site_00_16,block_00,2023,spring,train,0.2879319680819501,0.4598346616992439,0.03,0.1,1,1.0,0.0965252500866535,0.3511853338420152,M_00,H_00,0.3017668,0.343021,0.8997522,0.10024784,0.72174007,0.27825996
demo_00_17,site_00_17,block_00,2024,summer,train,0.7364540150883656,0.8524262183342831,0.13,0.03,1,1.0,0.5617769885322248,0.4388711959533917,M_00,H_00,0.74779695,0.5028647,0.89548165,0.10451838,0.7626618,0.23733822
demo_00_18,site_00_18,block_00,2023,autumn,train,0.055480937577917,0.5075280387356782,0.13,0.03,1,1.0,0.0769578186114934,0.243101352646516,M_00,H_00,0.069280624,0.22398515,0.8996501,0.10034991,0.3608402,0.6391598
demo_00_19,site_00_19,block_00,2024,winter,train,0.2363207138921358,0.5194776789052383,0.03,0.1,0,1.0,0.0,,M_00,H_00,0.25573343,0.0,0.8997684,0.100231625,0.732314,0.26768604
demo_00_20,site_00_20,block_00,2023,spring,train,0.822774329776597,0.4384372273260142,0.03,0.1,1,1.0,0.6132610887569119,0.6974365697453789,M_00,H_00,0.6371968,0.69673514,0.5939355,0.40606445,0.56467366,0.4353264
demo_00_21,site_00_21,block_00,2024,summer,train,0.001,0.3063538319433609,0.13,0.03,1,1.0,0.0,0.2740368089963728,M_00,H_00,0.0017873833,0.12351037,0.89855385,0.1014462,0.26377973,0.7362203
demo_00_22,site_00_22,block_00,2023,autumn,train,0.2975798965539962,0.4025369974537741,0.13,0.03,1,1.0,0.2458660817408364,0.3768998869519113,M_00,H_00,0.30721626,0.4202392,0.8945091,0.10549098,0.5048256,0.49517438
demo_00_23,site_00_23,block_00,2024,winter,train,0.1598492251042386,0.604650867774603,0.03,0.1,1,1.0,0.106928487244919,0.2044997799508543,M_00,H_00,0.18264952,0.20728631,0.8997774,0.100222595,0.7130216,0.28697848
demo_01_00,site_01_00,block_01,2023,spring,train,0.355811339050662,0.4168693189026116,0.03,0.1,1,1.0,0.2332584548727466,0.3297590126572818,M_01,H_01,0.36153024,0.38684565,0.899319,0.10068101,0.83072203,0.16927803
demo_01_01,site_01_01,block_01,2024,summer,train,0.9116678042685332,0.314222611340255,0.13,0.03,1,1.0,0.6857602592985689,0.7947158396073359,M_01,H_01,0.6175998,0.7886043,0.63439304,0.365607,0.49069363,0.5093063
demo_01_02,site_01_02,block_01,2023,autumn,train,0.7396694279587591,0.3997797223046167,0.13,0.03,1,1.0,0.564614693945216,0.6366350728472233,M_01,H_01,0.53818226,0.669384,0.4831604,0.5168397,0.52205694,0.47794306
demo_01_03,site_01_03,block_01,2024,winter,train,0.377342142771359,0.7041193632427879,0.03,0.1,1,1.0,0.3138190884894033,0.2277504594384356,M_01,H_01,0.4016902,0.3537669,0.89976054,0.1002395,0.73472434,0.26527575
demo_01_04,site_01_04,block_01,2023,spring,train,0.3935602809520362,0.4960099896860649,0.03,0.1,1,1.0,0.1904633933087631,0.4149840861340118,M_01,H_01,0.40280122,0.4188698,0.8996854,0.10031467,0.7479974,0.2520026
demo_01_05,site_01_05,block_01,2024,summer,train,0.0964662989512235,0.3989390401159114,0.13,0.03,1,1.0,0.0449335331898904,0.2998800392391252,M_01,H_01,0.11128407,0.33768007,0.8993443,0.10065564,0.31516623,0.6848338
demo_01_06,site_01_06,block_01,2023,autumn,train,0.8024765032196334,0.3842591120096998,0.13,0.03,1,1.0,0.5160880746343343,0.6552482734099164,M_01,H_01,0.5915056,0.69686204,0.585772,0.41422802,0.46724164,0.5327584
demo_01_07,site_01_07,block_01,2024,winter,train,0.3558047797321555,0.5356281184751737,0.03,0.1,1,1.0,0.2593566629399849,0.3787530417737856,M_01,H_01,0.37070024,0.38086516,0.8997414,0.10025863,0.7444146,0.25558543
demo_01_08,site_01_08,block_01,2023,spring,train,0.6352668116013314,0.6436339327280453,0.03,0.1,1,1.0,0.3665302390431186,0.510723240382602,M_01,H_01,0.63708097,0.50592697,0.7820718,0.2179282,0.6061962,0.39380386
demo_01_09,site_01_09,block_01,2024,summer,train,0.9885376902676224,0.3144661221073862,0.13,0.03,0,1.0,0.5848168687182845,,M_01,H_01,0.6346144,0.0,0.6130362,0.3869638,0.46730185,0.5326981
demo_01_10,site_01_10,block_01,2023,autumn,train,0.999,0.7218030163185813,0.13,0.03,1,1.0,0.6270809068468299,0.5155509729567663,M_01,H_01,0.7535789,0.5716606,0.13255736,0.8674427,0.5633618,0.43663818
demo_01_11,site_01_11,block_01,2024,winter,train,0.4932899246140205,0.4732885172383929,0.03,0.1,1,1.0,0.3049265462869672,0.3248366739180086,M_01,H_01,0.47586435,0.50251406,0.13112919,0.8688708,0.7173932,0.2826068
demo_01_12,site_01_12,block_01,2023,spring,train,0.7073769483034967,0.5006384925169741,0.03,0.1,1,1.0,0.5639180695012237,0.6181441318146342,M_01,H_01,0.54781085,0.61945397,0.26048946,0.73951054,0.61886114,0.38113886
demo_01_13,site_01_13,block_01,2024,summer,train,0.3660439798382482,0.7587550288031584,0.13,0.03,1,1.0,0.3338054084308048,0.2834420245032227,M_01,H_01,0.39378196,0.3029753,0.8997925,0.100207545,0.54645294,0.45354703
demo_01_14,site_01_14,block_01,2023,autumn,train,0.3068796280788145,0.8667753025967433,0.13,0.03,1,1.0,0.1382983167652145,0.0904297189720768,M_01,H_01,0.3405354,0.23543425,0.8997775,0.10022252,0.68238485,0.31761515
demo_01_15,site_01_15,block_01,2024,winter,train,0.3860349918530708,0.756139412503454,0.03,0.1,0,1.0,0.2546932974784857,,M_01,H_01,0.4129477,0.0,0.89975715,0.10024295,0.7425572,0.25744283
demo_01_16,site_01_16,block_01,2023,spring,train,0.5791699860092104,0.6567981174955201,0.03,0.1,1,1.0,0.4247194669231127,0.4398911093276751,M_01,H_01,0.5865379,0.464483,0.8994977,0.10050238,0.5782904,0.42170963
demo_01_17,site_01_17,block_01,2024,summer,train,0.2656446985038578,0.3103843879290647,0.13,0.03,1,1.0,0.0553104060083984,0.2938886386296085,M_01,H_01,0.272675,0.42364985,0.83218235,0.16781774,0.5107337,0.4892663
demo_01_18,site_01_18,block_01,2023,autumn,train,0.3872117779751841,0.7994388417586802,0.13,0.03,1,1.0,0.6303146745619016,0.5147134395940999,M_01,H_01,0.4163984,0.31000838,0.8997559,0.10024417,0.6619722,0.3380278
demo_01_19,site_01_19,block_01,2024,winter,train,0.6723060617156449,0.5605566106227923,0.03,0.1,1,1.0,0.5082000158429988,0.4251321600203632,M_01,H_01,0.58269036,0.54000264,0.21303213,0.78696793,0.4846256,0.51537436
demo_01_20,site_01_20,block_01,2023,spring,train,0.4628039017158669,0.7293636379811638,0.03,0.1,1,1.0,0.3181301254411738,0.3163233659860888,M_01,H_01,0.4843889,0.36914966,0.8997852,0.10021479,0.5785839,0.4214161
demo_01_21,site_01_21,block_01,2024,summer,train,0.6138939713596742,0.6615933054806671,0.13,0.03,1,1.0,0.4088148830296492,0.44518668399819,M_01,H_01,0.6187625,0.48159805,0.8944352,0.10556478,0.5924732,0.40752682
demo_01_22,site_01_22,block_01,2023,autumn,train,0.5909160555970162,0.7338521716479315,0.13,0.03,1,1.0,0.5337872462310809,0.4410641664274716,M_01,H_01,0.6039742,0.43715203,0.89910364,0.10089641,0.6221357,0.3778643
demo_01_23,site_01_23,block_01,2024,winter,train,0.1933087229477084,0.3397196447168308,0.03,0.1,1,1.0,0.0806860459788845,0.2537691288116964,M_01,H_01,0.20459783,0.24316859,0.8993356,0.10066448,0.8131953,0.18680476
demo_02_00,site_02_00,block_02,2023,spring,train,0.5509542387343411,0.2844838508103999,0.03,0.1,1,1.0,0.3757328915071991,0.5363063576718776,M_02,H_02,0.3639741,0.5723414,0.37279207,0.62720805,0.8542815,0.14571857
demo_02_01,site_02_01,block_02,2024,summer,train,0.6432069787913011,0.7829145117238395,0.13,0.03,1,1.0,0.5475077049824644,0.4508525843388626,M_02,H_02,0.65606296,0.44236663,0.8993158,0.10068422,0.6553712,0.3446289
demo_02_02,site_02_02,block_02,2023,autumn,train,0.5298489239596754,0.599786914107654,0.13,0.03,1,1.0,0.5345148503705577,0.586969427445384,M_02,H_02,0.53667104,0.47235656,0.8968125,0.10318752,0.59066343,0.4093366
demo_02_03,site_02_03,block_02,2024,winter,train,0.6406479058332951,0.6305770621150232,0.03,0.1,1,1.0,0.4883554012874078,0.5330148251527813,M_02,H_02,0.63392705,0.4937462,0.3344079,0.6655922,0.52690214,0.47309795
demo_02_04,site_02_04,block_02,2023,spring,train,0.3847798848626353,0.5394835953261771,0.03,0.1,1,1.0,0.2438031193775816,0.2979145653743233,M_02,H_02,0.39803797,0.40710428,0.8997578,0.100242265,0.6861143,0.31388578
demo_02_05,site_02_05,block_02,2024,summer,train,0.5457603471628266,0.3891034141753005,0.13,0.03,1,1.0,0.2402576254975061,0.4212661031049632,M_02,H_02,0.4030997,0.55794317,0.10444903,0.895551,0.8041896,0.19581045
demo_02_06,site_02_06,block_02,2023,autumn,train,0.8437036927929261,0.3370266455634467,0.13,0.03,1,1.0,0.6947046359198319,0.7624909481800992,M_02,H_02,0.60101473,0.7394561,0.6303757,0.3696244,0.45290452,0.5470955
demo_02_07,site_02_07,block_02,2024,winter,train,0.5459963435546547,0.2592325579840895,0.03,0.1,1,1.0,0.409568137368542,0.5698868032544492,M_02,H_02,0.32231283,0.56705296,0.29238954,0.7076105,0.8759635,0.124036595
demo_02_08,site_02_08,block_02,2023,spring,train,0.4091630683899037,0.694482329746409,0.03,0.1,1,1.0,0.3893006285251097,0.3827476647436035,M_02,H_02,0.43144098,0.36329362,0.89978886,0.10021115,0.5929484,0.40705168
demo_02_09,site_02_09,block_02,2024,summer,train,0.3942115538970669,0.3294005422460653,0.13,0.03,0,1.0,0.1891008278155654,,M_02,H_02,0.34110352,0.0,0.19437093,0.80562913,0.71522456,0.2847755
demo_02_10,site_02_10,block_02,2023,autumn,train,0.4011479450348005,0.7926234798755608,0.13,0.03,1,1.0,0.2719018565865742,0.2572379275730367,M_02,H_02,0.429492,0.3205263,0.89974886,0.10025125,0.65994567,0.34005436
demo_02_11,site_02_11,block_02,2024,winter,train,0.0939009969772151,0.7969096982403743,0.03,0.1,1,1.0,0.0725890722050854,0.062996728034394,M_02,H_02,0.11634836,0.11820809,0.8997672,0.10023286,0.7015782,0.29842177
demo_02_12,site_02_12,block_02,2023,spring,train,0.7346198365802227,0.3850461969759988,0.03,0.1,1,1.0,0.5138008505084423,0.7278788661247126,M_02,H_02,0.55077755,0.6880337,0.55413836,0.44586173,0.6315349,0.3684652
demo_02_13,site_02_13,block_02,2024,summer,train,0.5670663586453313,0.3276135185484796,0.13,0.03,1,1.0,0.39086449492814,0.5586871609000025,M_02,H_02,0.35013953,0.5811693,0.12120313,0.8787969,0.855798,0.14420207
demo_02_14,site_02_14,block_02,2023,autumn,train,0.8487061805376465,0.4167692138286711,0.13,0.03,0,1.0,0.6982029105013238,,M_02,H_02,0.62863475,0.0,0.57793736,0.4220626,0.44175738,0.5582427
demo_02_15,site_02_15,block_02,2024,winter,train,0.2974887626450498,0.8176874198177724,0.03,0.1,1,1.0,0.2165621599452977,0.1637080012429464,M_02,H_02,0.32922184,0.2623048,0.8997576,0.10024249,0.7429426,0.25705746
demo_02_16,site_02_16,block_02,2023,spring,train,0.6041541404673784,0.7659697440154095,0.03,0.1,1,1.0,0.5264236901202032,0.3987325994568075,M_02,H_02,0.61870074,0.40620583,0.899743,0.10025708,0.5814233,0.4185767
demo_02_17,site_02_17,block_02,2024,summer,train,0.999,0.7988772631301025,0.13,0.03,1,1.0,0.7413691197910405,0.6056431022569714,M_02,H_02,0.81896615,0.6105268,0.11109695,0.8889031,0.69277495,0.30722517
demo_02_18,site_02_18,block_02,2023,autumn,train,0.4010224604519872,0.6620963039814143,0.13,0.03,1,1.0,0.2422153188182466,0.3005380501474284,M_02,H_02,0.42171466,0.37191445,0.89965665,0.100343324,0.5599965,0.44000357
demo_02_19,site_02_19,block_02,2024,winter,train,0.3748094740946981,0.5986083506076059,0.03,0.1,1,1.0,0.1430281847223602,0.313545457964085,M_02,H_02,0.3928196,0.38186944,0.899757,0.10024306,0.7276559,0.2723441
demo_02_20,site_02_20,block_02,2023,spring,train,0.5907448453571851,0.4699022775083898,0.03,0.1,1,1.0,0.4075453282690233,0.4948605013378251,M_02,H_02,0.48163408,0.5705553,0.10775162,0.89224845,0.6789776,0.32102242
demo_02_21,site_02_21,block_02,2024,summer,train,0.7417018420505717,0.6008900323289134,0.13,0.03,1,1.0,0.4261179598088572,0.5247220058670066,M_02,H_02,0.6151949,0.5596091,0.11174949,0.8882505,0.54541874,0.45458132
demo_02_22,site_02_22,block_02,2023,autumn,train,0.7124613474583883,0.5674172436108671,0.13,0.03,1,1.0,0.6630890068878481,0.6473326904604951,M_02,H_02,0.5891027,0.5809645,0.16476494,0.83523506,0.59107107,0.408929
demo_02_23,site_02_23,block_02,2024,winter,train,0.794301525712368,0.6788507139098593,0.03,0.1,1,1.0,0.6867649129688624,0.5367944380500095,M_02,H_02,0.70553166,0.52275676,0.2454474,0.75455266,0.5380227,0.4619773
demo_03_00,site_03_00,block_03,2023,spring,train,0.1489872403647072,0.1700739103823883,0.03,0.1,1,1.0,0.0,0.3087428750088185,M_03,H_03,0.15826309,0.29195592,0.54372543,0.45627463,0.608296,0.39170408
demo_03_01,site_03_01,block_03,2024,summer,train,0.4832023672113816,0.1813539644176841,0.13,0.03,1,1.0,0.2655979657215347,0.4947223047224534,M_03,H_03,0.24057029,0.5295716,0.2883327,0.71166736,0.8261951,0.17380491
demo_03_02,site_03_02,block_03,2023,autumn,train,0.5261284028718674,0.4304450100535932,0.13,0.03,1,1.0,0.2757712489709015,0.4439328854430901,M_03,H_03,0.44053397,0.53601694,0.115420766,0.88457924,0.7652194,0.23478064
demo_03_03,site_03_03,block_03,2024,winter,train,0.7563987695953195,0.3470107713227646,0.03,0.1,1,1.0,0.4977344562620284,0.7103866352632192,M_03,H_03,0.5369443,0.7097611,0.56023026,0.43976977,0.56709594,0.43290406
demo_03_04,site_03_04,block_03,2023,spring,train,0.4317992410828571,0.7506931932878822,0.03,0.1,1,1.0,0.3853980119996962,0.3068566126303638,M_03,H_03,0.45640495,0.3436755,0.89979017,0.10020987,0.5844301,0.41556996
demo_03_05,site_03_05,block_03,2024,summer,train,0.962330253847838,0.797828530393042,0.13,0.03,1,1.0,0.7012780647349679,0.572326975751629,M_03,H_03,0.8145127,0.59959894,0.11040159,0.8895985,0.6967799,0.30322012
demo_03_06,site_03_06,block_03,2023,autumn,train,0.1876239569177131,0.7251699011114872,0.13,0.03,1,1.0,0.1210190104477801,0.1851679913179396,M_03,H_03,0.21484736,0.22300911,0.89978445,0.100215554,0.54737514,0.45262486
demo_03_07,site_03_07,block_03,2024,winter,train,0.2185341101219799,0.673282713858172,0.03,0.1,1,1.0,0.119427933232076,0.2098631869925773,M_03,H_03,0.24462381,0.24426271,0.8997715,0.10022854,0.723234,0.27676606
demo_03_08,site_03_08,block_03,2023,spring,train,0.7361170185264095,0.4577566476786525,0.03,0.1,1,1.0,0.6122390661657255,0.6128238543043923,M_03,H_03,0.5634121,0.6537714,0.4371603,0.5628397,0.6119028,0.38809726
demo_03_09,site_03_09,block_03,2024,summer,train,0.5430814522242324,0.2522395046460629,0.13,0.03,1,1.0,0.2367676849883561,0.4727200303262746,M_03,H_03,0.2989687,0.5686381,0.22162499,0.778375,0.85621804,0.14378203
demo_03_10,site_03_10,block_03,2023,autumn,train,0.8618361856925687,0.5593676119690436,0.13,0.03,0,1.0,0.6864049742176699,,M_03,H_03,0.6478656,0.0,0.33978847,0.6602116,0.47020787,0.5297922
demo_03_11,site_03_11,block_03,2024,winter,train,0.6272178667450414,0.001,0.03,0.1,1,1.0,0.4181781067220237,0.6582289814080882,M_03,H_03,0.26128623,0.6610645,0.8640526,0.13594744,0.8870852,0.11291487
demo_03_12,site_03_12,block_03,2023,spring,train,0.8182136393726742,0.2682860297332803,0.03,0.1,1,1.0,0.6192722206392323,0.768938433162688,M_03,H_03,0.5811758,0.7819831,0.6932298,0.3067702,0.59465784,0.40534216
demo_03_13,site_03_13,block_03,2024,summer,train,0.4162250455639921,0.1817577118673152,0.13,0.03,1,1.0,0.3702799692654319,0.6409888403808756,M_03,H_03,0.21693209,0.4872256,0.21351695,0.78648305,0.76698685,0.23301318
demo_03_14,site_03_14,block_03,2023,autumn,train,0.786690404198114,0.5399046146238625,0.13,0.03,1,1.0,0.5918717778967562,0.5960009593267932,M_03,H_03,0.60820806,0.60287774,0.31644845,0.6835516,0.5038778,0.49612218
demo_03_15,site_03_15,block_03,2024,winter,train,0.2345128569826052,0.3425061477448088,0.03,0.1,1,1.0,0.0701178923589397,0.26301946174708,M_03,H_03,0.24370158,0.27386212,0.8985316,0.1014684,0.8495387,0.15046132
demo_03_16,site_03_16,block_03,2023,spring,train,0.1708649329367517,0.6960203666115281,0.03,0.1,1,1.0,0.1475208454517604,0.0949774709128047,M_03,H_03,0.19668648,0.21287365,0.8997956,0.10020443,0.6184165,0.38158354
demo_03_17,site_03_17,block_03,2024,summer,train,0.7408015439329967,0.874694879134416,0.13,0.03,1,1.0,0.6516332811979236,0.5391434326864666,M_03,H_03,0.7536419,0.49617895,0.8965674,0.10343262,0.77445114,0.2255489
demo_03_18,site_03_18,block_03,2023,autumn,train,0.5123707407157496,0.8078322731038288,0.13,0.03,1,1.0,0.5725989604429792,0.4248191178724684,M_03,H_03,0.53632015,0.37661895,0.8996659,0.10033409,0.68612134,0.3138787
demo_03_19,site_03_19,block_03,2024,winter,train,0.4019959363596302,0.2829596567546445,0.03,0.1,1,1.0,0.2023197211699438,0.4031217202009895,M_03,H_03,0.2935641,0.43522197,0.104778625,0.89522135,0.862769,0.13723102
demo_03_20,site_03_20,block_03,2023,spring,train,0.3566480004548104,0.8586582961962003,0.03,0.1,1,1.0,0.2541606764063268,0.158958026367523,M_03,H_03,0.38947242,0.24975693,0.8997933,0.10020667,0.61508965,0.38491032
demo_03_21,site_03_21,block_03,2024,summer,train,0.4029578913843578,0.8603862132118837,0.13,0.03,1,1.0,0.3977858837026783,0.2777922183493331,M_03,H_03,0.43478167,0.2699904,0.89979297,0.10020708,0.6222039,0.3777961
demo_03_22,site_03_22,block_03,2023,autumn,train,0.1437680353629825,0.6498262022733166,0.13,0.03,0,1.0,0.1265453278857398,,M_03,H_03,0.16723639,0.0,0.89976346,0.100236535,0.4749682,0.5250318
demo_03_23,site_03_23,block_03,2024,winter,train,0.3969003447528971,0.5977332194347833,0.03,0.1,1,1.0,0.2448442591669789,0.3512558611271308,M_03,H_03,0.41353145,0.39836544,0.8997499,0.10025019,0.72564965,0.2743504
demo_04_00,site_04_00,block_04,2023,spring,train,0.3528152452523188,0.6998463787047167,0.03,0.1,1,1.0,0.2422964073415072,0.2617389679217886,M_04,H_04,0.37788054,0.33086735,0.89979273,0.1002073,0.60267943,0.39732063
demo_04_01,site_04_01,block_04,2024,summer,train,0.4256193754123806,0.7441624706998308,0.13,0.03,1,1.0,0.3102263977111997,0.2976261079771153,M_04,H_04,0.450132,0.33924538,0.8997779,0.10022213,0.5543802,0.4456198
demo_04_02,site_04_02,block_04,2023,autumn,train,0.6624496066789423,0.3376932510299301,0.13,0.03,1,1.0,0.5490415637890911,0.6792704347382642,M_04,H_04,0.42336053,0.6624009,0.3355358,0.66446424,0.659203,0.340797
demo_04_03,site_04_03,block_04,2024,winter,train,0.3027514450826626,0.481779994914934,0.03,0.1,1,1.0,0.1909313008828955,0.2910144067234014,M_04,H_04,0.31718808,0.34358907,0.8997305,0.100269526,0.7645822,0.23541787
demo_04_04,site_04_04,block_04,2023,spring,train,0.1568976276900134,0.1357226737402946,0.03,0.1,1,1.0,0.0,0.2957761906525561,M_04,H_04,0.1404049,0.31235322,0.23394135,0.7660587,0.5964713,0.4035287
demo_04_05,site_04_05,block_04,2024,summer,train,0.6679757876924963,0.6522971312984869,0.13,0.03,1,1.0,0.4186149489549522,0.3903109375695511,M_04,H_04,0.6572584,0.5108916,0.3190103,0.68098974,0.5893814,0.41061866
demo_04_06,site_04_06,block_04,2023,autumn,train,0.4002710641495083,0.6578934152926665,0.13,0.03,0,1.0,0.2096907651286464,,M_04,H_04,0.42073599,0.0,0.89965105,0.100348994,0.557177,0.44282305
demo_04_07,site_04_07,block_04,2024,winter,train,0.1503592335420345,0.4420384880546286,0.03,0.1,1,1.0,0.0069760176092243,0.1568832674297885,M_04,H_04,0.16752237,0.21585077,0.8997657,0.10023434,0.72426575,0.2757343
demo_04_08,site_04_08,block_04,2023,spring,train,0.3912863172605899,0.7028704087325833,0.03,0.1,1,1.0,0.1910116781875415,0.2497031847421792,M_04,H_04,0.4149406,0.35001385,0.8997908,0.100209214,0.59506565,0.40493438
demo_04_09,site_04_09,block_04,2024,summer,train,0.9012129711165248,0.8612742287995818,0.13,0.03,1,1.0,0.7276522093767632,0.5804107419568675,M_04,H_04,0.8667256,0.58289534,0.13919495,0.8608051,0.767142,0.23285809
demo_04_10,site_04_10,block_04,2023,autumn,train,0.5294077871477805,0.9245519950911164,0.13,0.03,1,1.0,0.7742524883743079,0.5746149562396048,M_04,H_04,0.5598662,0.3297895,0.8996704,0.10032966,0.75706995,0.24293005
demo_04_11,site_04_11,block_04,2024,winter,train,0.6237605119831167,0.5383125985083245,0.03,0.1,1,1.0,0.3646099884330395,0.5082756135184956,M_04,H_04,0.55212545,0.53620917,0.17196979,0.8280302,0.49733138,0.5026686
demo_04_12,site_04_12,block_04,2023,spring,train,0.777977588983303,0.4789617778702218,0.03,0.1,1,1.0,0.5029869782539951,0.662520859419151,M_04,H_04,0.6087424,0.65912116,0.4943019,0.50569814,0.5864281,0.4135719
demo_04_13,site_04_13,block_04,2024,summer,train,0.5827624613359146,0.349223273520119,0.13,0.03,1,1.0,0.2502974786490239,0.4654195213888821,M_04,H_04,0.37032685,0.59251523,0.11458359,0.8854165,0.8496476,0.15035251
demo_04_14,site_04_14,block_04,2023,autumn,train,0.3163927020913781,0.8077726793283838,0.13,0.03,0,1.0,0.3397230483502633,,M_04,H_04,0.34755486,0.0,0.8997774,0.10022267,0.65000594,0.34999403
demo_04_15,site_04_15,block_04,2024,winter,train,0.6701872851102381,0.4027962963966952,0.03,0.1,1,1.0,0.5133704506526355,0.6168117262799884,M_04,H_04,0.49379915,0.63845706,0.40009296,0.599907,0.57933015,0.4206699
demo_04_16,site_04_16,block_04,2023,spring,train,0.6566368204736809,0.9593494732821252,0.03,0.1,0,1.0,0.5724570116709521,,M_04,H_04,0.68206954,0.0,0.89976776,0.10023223,0.7123337,0.28766635
demo_04_17,site_04_17,block_04,2024,summer,train,0.4402244249161219,0.8073776408577958,0.13,0.03,1,1.0,0.5112688496994638,0.4105797758550973,M_04,H_04,0.4678116,0.31508717,0.89978504,0.10021503,0.5953855,0.4046145
demo_04_18,site_04_18,block_04,2023,autumn,train,0.1804251785134771,0.5134845801356108,0.13,0.03,1,1.0,0.0683138480817843,0.250475932737614,M_04,H_04,0.2003955,0.32491606,0.8996306,0.10036945,0.40697694,0.59302306
demo_04_19,site_04_19,block_04,2024,winter,train,0.3368601357170444,0.3254582779080476,0.03,0.1,1,1.0,0.1298687896956592,0.3751456956884817,M_04,H_04,0.32703122,0.3656449,0.14002125,0.85997885,0.8819142,0.11808584
demo_04_20,site_04_20,block_04,2023,spring,train,0.6890710728394283,0.4828013431468501,0.03,0.1,1,1.0,0.5190719105745879,0.5497756795843578,M_04,H_04,0.5249823,0.6202911,0.2354514,0.76454866,0.6334988,0.36650118
demo_04_21,site_04_21,block_04,2024,summer,train,0.6808815251266759,0.5431216246030629,0.13,0.03,1,1.0,0.5662431769127546,0.5907127623794384,M_04,H_04,0.5563161,0.5716129,0.10618364,0.8938164,0.5615564,0.4384436
demo_04_22,site_04_22,block_04,2023,autumn,train,0.3089140259827638,0.1911297746801665,0.13,0.03,1,1.0,0.0450619615417939,0.4099220323615052,M_04,H_04,0.20592603,0.40990528,0.15530704,0.844693,0.70613927,0.2938607
demo_04_23,site_04_23,block_04,2024,winter,train,0.5346823343537311,0.1188031336865996,0.03,0.1,1,1.0,0.3180424733546895,0.4878171411111408,M_04,H_04,0.34586668,0.5640422,0.710399,0.2896011,0.89300364,0.10699646
demo_05_00,site_05_00,block_05,2023,spring,train,0.6969009122364552,0.4682802588113444,0.03,0.1,1,1.0,0.5327621224600744,0.6013984931029775,M_05,H_05,0.5255068,0.6313702,0.28999785,0.71000224,0.63496834,0.36503172
demo_05_01,site_05_01,block_05,2024,summer,train,0.5351459377697696,0.3761935842048236,0.13,0.03,1,1.0,0.1255612527383165,0.4007924368136065,M_05,H_05,0.39051023,0.5510943,0.10597777,0.8940223,0.8084392,0.19156083
demo_05_02,site_05_02,block_05,2023,autumn,train,0.5701032426039208,0.6661140168905042,0.13,0.03,1,1.0,0.4199543375309047,0.3765320819270367,M_05,H_05,0.5792035,0.45684358,0.8982524,0.1017476,0.5860395,0.41396058
demo_05_03,site_05_03,block_05,2024,winter,train,0.5067984785693125,0.8053835788566717,0.03,0.1,1,1.0,0.4132294826917571,0.3721308401811311,M_05,H_05,0.53089046,0.40274605,0.8997372,0.10026283,0.75988793,0.24011213
demo_05_04,site_05_04,block_05,2023,spring,train,0.4069434131298435,0.1613107124599949,0.03,0.1,1,1.0,0.1637705878490865,0.4339467476877385,M_05,H_05,0.20922878,0.45695916,0.28108105,0.71891904,0.8397051,0.16029492
demo_05_05,site_05_05,block_05,2024,summer,train,0.3417557901888852,0.7403553848317904,0.13,0.03,1,1.0,0.2226167635293972,0.2118467231167997,M_05,H_05,0.36928192,0.30024907,0.8997922,0.100207806,0.5287765,0.47122353
demo_05_06,site_05_06,block_05,2023,autumn,train,0.821993538985412,0.4398289176643913,0.13,0.03,1,1.0,0.6194312133144789,0.6709895284964904,M_05,H_05,0.6187829,0.6665943,0.545887,0.454113,0.45356926,0.54643077
demo_05_07,site_05_07,block_05,2024,winter,train,0.7584320582939045,0.2969390855132309,0.03,0.1,1,1.0,0.5890658919332481,0.7058444335262594,M_05,H_05,0.52684766,0.73631805,0.61146253,0.38853744,0.60966766,0.3903324
demo_05_08,site_05_08,block_05,2023,spring,train,0.3624840324378872,0.4720265629212753,0.03,0.1,1,1.0,0.174190922274012,0.3189936136814493,M_05,H_05,0.3722136,0.39681327,0.89968973,0.10031029,0.7593894,0.2406106
demo_05_09,site_05_09,block_05,2024,summer,train,0.4045977615758021,0.7423916963646712,0.13,0.03,1,1.0,0.2986040702565137,0.230089831346275,M_05,H_05,0.42997354,0.32984814,0.89978266,0.10021737,0.54754776,0.4524522
demo_05_10,site_05_10,block_05,2023,autumn,train,0.7193343365552345,0.3607065463588444,0.13,0.03,1,1.0,0.2644320385058686,0.4994008680719511,M_05,H_05,0.504585,0.6825142,0.48629624,0.5137038,0.55457973,0.4454202
demo_05_11,site_05_11,block_05,2024,winter,train,0.2489523275273664,0.6530762825463537,0.03,0.1,1,1.0,0.1221473256092643,0.1732305275320596,M_05,H_05,0.27421862,0.272636,0.8997708,0.1002292,0.7261474,0.27385268
demo_05_12,site_05_12,block_05,2023,spring,train,0.6149525921226886,0.2715724212568066,0.03,0.1,1,1.0,0.4964750247355004,0.650141419579,M_05,H_05,0.43619555,0.6315442,0.57977784,0.42022216,0.8427883,0.15721169
demo_05_13,site_05_13,block_05,2024,summer,train,0.8147501142467615,0.2900456118345892,0.13,0.03,1,1.0,0.5968487837634172,0.7588732929317672,M_05,H_05,0.5695397,0.76562655,0.6533328,0.34666723,0.54832524,0.45167473
demo_05_14,site_05_14,block_05,2023,autumn,train,0.6870466406707698,0.8177967097670437,0.13,0.03,1,1.0,0.4016756970235498,0.3447838014999592,M_05,H_05,0.6993277,0.46717525,0.89830047,0.10169955,0.70940727,0.2905928
demo_05_15,site_05_15,block_05,2024,winter,train,0.5655282094526037,0.8438218841040147,0.03,0.1,1,1.0,0.4676348974316469,0.4356593098226718,M_05,H_05,0.58868563,0.42619333,0.8997152,0.10028482,0.78017163,0.21982843
demo_05_16,site_05_16,block_05,2023,spring,train,0.5099352013029227,0.6128486529820353,0.03,0.1,1,1.0,0.4674918161154393,0.488706007520496,M_05,H_05,0.5194264,0.45813718,0.8996846,0.100315444,0.6111528,0.38884723
demo_05_17,site_05_17,block_05,2024,summer,train,0.601389270122429,0.6130472031546293,0.13,0.03,1,1.0,0.5621819503493696,0.5788573818510765,M_05,H_05,0.6040811,0.5036724,0.7673859,0.23261419,0.59786695,0.40213302
demo_05_18,site_05_18,block_05,2023,autumn,train,0.7490425870621813,0.4337881415975537,0.13,0.03,1,1.0,0.5592730384318987,0.6388668286887671,M_05,H_05,0.5564366,0.6531654,0.45583844,0.5441616,0.51053643,0.48946363
demo_05_19,site_05_19,block_05,2024,winter,train,0.6478205601858215,0.9028404290626326,0.03,0.1,0,1.0,0.5305512157260359,,M_05,H_05,0.66976225,0.0,0.8996509,0.1003492,0.8197707,0.18022932
demo_05_20,site_05_20,block_05,2023,spring,train,0.2384276023348163,0.5676053867930454,0.03,0.1,1,1.0,0.123958613862498,0.316827590234878,M_05,H_05,0.26007846,0.29412326,0.89979064,0.10020936,0.64733267,0.3526674
demo_05_21,site_05_21,block_05,2024,summer,train,0.6649975598233495,0.5020813523582259,0.13,0.03,1,1.0,0.4825568434981261,0.566070717891235,M_05,H_05,0.51726484,0.5931877,0.10601644,0.8939836,0.60506696,0.39493304
demo_05_22,site_05_22,block_05,2023,autumn,train,0.8476860558564071,0.8636632817780601,0.13,0.03,1,1.0,0.6643167712931546,0.5323349743123449,M_05,H_05,0.85464036,0.56322944,0.562437,0.43756306,0.77627933,0.2237207
demo_05_23,site_05_23,block_05,2024,winter,train,0.6319048920879234,0.7239308589438087,0.03,0.1,1,1.0,0.5619724838220163,0.5324951183660334,M_05,H_05,0.64085007,0.50645727,0.8966095,0.10339054,0.73275906,0.267241
demo_06_00,site_06_00,block_06,2023,spring,train,0.6563648171243034,0.5022809188869634,0.03,0.1,1,1.0,0.5319922113372824,0.5853524529070124,M_06,H_06,0.52102494,0.5932061,0.13693677,0.8630633,0.6343269,0.36567315
demo_06_01,site_06_01,block_06,2024,summer,train,0.5751483392000325,0.8240487512485275,0.13,0.03,1,1.0,0.4148542601572469,0.3518042656991312,M_06,H_06,0.59627044,0.37760052,0.8997049,0.10029519,0.6447285,0.35527158
demo_06_02,site_06_02,block_06,2023,autumn,train,0.2623778558354996,0.7637026867837697,0.13,0.03,1,1.0,0.3032336492869191,0.2516483623443127,M_06,H_06,0.29202986,0.25168666,0.8997836,0.10021647,0.6026485,0.39735156
demo_06_03,site_06_03,block_06,2024,winter,train,0.3704046721530943,0.8652780104443633,0.03,0.1,1,1.0,0.3067390673266184,0.2618473913160159,M_06,H_06,0.40328944,0.28986987,0.89974904,0.10025101,0.75759536,0.24240473
demo_06_04,site_06_04,block_06,2023,spring,train,0.6963675611389617,0.3508118663952448,0.03,0.1,1,1.0,0.381720217310869,0.6561226885170779,M_06,H_06,0.5075261,0.6815034,0.5386278,0.4613722,0.69244754,0.30755252
demo_06_05,site_06_05,block_06,2024,summer,train,0.5759645385227183,0.4030965996460853,0.13,0.03,1,1.0,0.2901305145285885,0.427057153577066,M_06,H_06,0.4181703,0.5799695,0.102873914,0.8971261,0.8059467,0.19405332
demo_06_06,site_06_06,block_06,2023,autumn,train,0.8471253649521681,0.2786332642038155,0.13,0.03,1,1.0,0.5905942664792647,0.7776297750490888,M_06,H_06,0.5785814,0.77716476,0.6571172,0.34288284,0.46362308,0.5363769
demo_06_07,site_06_07,block_06,2024,winter,train,0.2985749346850877,0.2398975132067288,0.03,0.1,1,1.0,0.14432015176017,0.3877376991403612,M_06,H_06,0.24593702,0.34083614,0.113631636,0.8863684,0.85833,0.1416701
demo_06_08,site_06_08,block_06,2023,spring,train,0.7214000237535801,0.5754482344173213,0.03,0.1,1,1.0,0.5286693579448218,0.6171457983011068,M_06,H_06,0.5992742,0.5849973,0.17947802,0.820522,0.60467285,0.39532715
demo_06_09,site_06_09,block_06,2024,summer,train,0.4981244637214664,0.6113848080739811,0.13,0.03,1,1.0,0.4913520045376301,0.4624324436562926,M_06,H_06,0.50849605,0.4466253,0.8994149,0.10058515,0.5604214,0.4395786
demo_06_10,site_06_10,block_06,2023,autumn,train,0.2571133721423185,0.3342686137455425,0.13,0.03,1,1.0,0.2504890969747195,0.4309407073882166,M_06,H_06,0.2657928,0.4114159,0.87348914,0.12651089,0.50588316,0.49411684
demo_06_11,site_06_11,block_06,2024,winter,train,0.8614012982564524,0.9093312577564452,0.03,0.1,1,1.0,0.782052211239315,0.6695949463716024,M_06,H_06,0.870969,0.66274583,0.7960087,0.20399135,0.8835503,0.11644976
demo_06_12,site_06_12,block_06,2023,spring,train,0.197891263461004,0.6643147768418853,0.03,0.1,1,1.0,0.1616095035990448,0.1493230000666631,M_06,H_06,0.22342353,0.24165465,0.89979553,0.100204535,0.62193257,0.37806743
demo_06_13,site_06_13,block_06,2024,summer,train,0.8627622780243167,0.7826087395251227,0.13,0.03,1,1.0,0.6587883802344243,0.5328654861764285,M_06,H_06,0.7915111,0.5709692,0.1160035,0.88399655,0.7005284,0.29947168
demo_06_14,site_06_14,block_06,2023,autumn,train,0.999,0.2366646196290344,0.13,0.03,1,1.0,0.6249838273820537,0.8542671159858751,M_06,H_06,0.59910136,0.85532385,0.6449413,0.3550588,0.42289394,0.57710606
demo_06_15,site_06_15,block_06,2024,winter,train,0.5130920925088407,0.4672252016668945,0.03,0.1,1,1.0,0.3819657076229904,0.4261664808518154,M_06,H_06,0.472413,0.5195398,0.11791815,0.88208187,0.66825265,0.3317474
demo_06_16,site_06_16,block_06,2023,spring,train,0.7167187011121458,0.5844567496689699,0.03,0.1,1,1.0,0.6357274824531027,0.6332262003258142,M_06,H_06,0.6043224,0.5777662,0.16384825,0.83615184,0.6046315,0.39536858
demo_06_17,site_06_17,block_06,2024,summer,train,0.1350927317500631,0.2974032350207243,0.13,0.03,1,1.0,0.0965431797480385,0.3435838758864802,M_06,H_06,0.14671044,0.4059433,0.89545476,0.10454532,0.33270404,0.667296
demo_06_18,site_06_18,block_06,2023,autumn,train,0.3906478572941069,0.5917523248253909,0.13,0.03,1,1.0,0.0439220882100039,0.1748329705253355,M_06,H_06,0.40729746,0.39888927,0.8994966,0.1005034,0.52624077,0.47375923
demo_06_19,site_06_19,block_06,2024,winter,train,0.307193116872745,0.2802239389787617,0.03,0.1,1,1.0,0.051155435566657,0.3434444794165922,M_06,H_06,0.28347087,0.34284943,0.12537502,0.874625,0.8710282,0.12897186
demo_06_20,site_06_20,block_06,2023,spring,train,0.7427780904880843,0.4883076518794558,0.03,0.1,1,1.0,0.587242871608985,0.5151969259376484,M_06,H_06,0.57671887,0.64084244,0.39673048,0.6032695,0.6039066,0.39609343
demo_06_21,site_06_21,block_06,2024,summer,train,0.2678642671901411,0.7852890131098722,0.13,0.03,0,1.0,0.240780339661521,,M_06,H_06,0.29834497,0.0,0.899802,0.10019806,0.53861624,0.46138373
demo_06_22,site_06_22,block_06,2023,autumn,train,0.8433536774909685,0.6245667439984631,0.13,0.03,1,1.0,0.6433408610867323,0.5997343323674404,M_06,H_06,0.6587295,0.5746353,0.17732188,0.82267815,0.5259508,0.47404927
demo_06_23,site_06_23,block_06,2024,winter,train,0.7791628038918751,0.1906710396518604,0.03,0.1,1,1.0,0.4896785726903781,0.7139851101721448,M_06,H_06,0.5216928,0.788338,0.715032,0.28496805,0.6918059,0.3081941
demo_07_00,site_07_00,block_07,2023,spring,train,0.6766496116314781,0.4670143741009494,0.03,0.1,1,1.0,0.5070752303450914,0.6467942408245048,M_07,H_07,0.5074528,0.62217003,0.22396177,0.7760382,0.6482842,0.3517158
demo_07_01,site_07_01,block_07,2024,summer,train,0.3850953253926793,0.5368339291638548,0.13,0.03,1,1.0,0.4490294032076921,0.4740464035438474,M_07,H_07,0.39817238,0.420644,0.8994751,0.10052496,0.5216765,0.47832358
demo_07_02,site_07_02,block_07,2023,autumn,train,0.3334385056588735,0.729956610868654,0.13,0.03,1,1.0,0.3533041068056895,0.3065890904121668,M_07,H_07,0.36068287,0.30630866,0.8997602,0.1002399,0.5975591,0.402441
demo_07_03,site_07_03,block_07,2024,winter,train,0.1565389378930454,0.9051593375939035,0.03,0.1,1,1.0,0.0826153184696956,0.1384440593474306,M_07,H_07,0.18664606,0.13629557,0.8997557,0.10024432,0.7236537,0.27634636
demo_07_04,site_07_04,block_07,2023,spring,train,0.4659460683839607,0.151596244306741,0.03,0.1,1,1.0,0.3040022569799495,0.5840768456704549,M_07,H_07,0.30053848,0.50775445,0.609481,0.39051905,0.8566162,0.14338389
demo_07_05,site_07_05,block_07,2024,summer,train,0.300834876462996,0.8118748980274645,0.13,0.03,1,1.0,0.223527342866238,0.2009848095469945,M_07,H_07,0.33229923,0.24533948,0.8998025,0.1001976,0.5656266,0.4343734
demo_07_06,site_07_06,block_07,2023,autumn,train,0.5059646636626777,0.6330750780206184,0.13,0.03,1,1.0,0.2602273829707993,0.3835752918439274,M_07,H_07,0.5175511,0.44077477,0.89897716,0.101022825,0.57071704,0.42928302
demo_07_07,site_07_07,block_07,2024,winter,train,0.732129612866697,0.128838134684662,0.03,0.1,1,1.0,0.5020092697564829,0.7114562352069403,M_07,H_07,0.50272864,0.75787854,0.7836383,0.21636173,0.8011991,0.198801
demo_07_08,site_07_08,block_07,2023,spring,train,0.7466883590506546,0.4238964919328665,0.03,0.1,1,1.0,0.6075247268335108,0.6982577843817742,M_07,H_07,0.56852245,0.67498195,0.5184971,0.48150292,0.6107276,0.38927245
demo_07_09,site_07_09,block_07,2024,summer,train,0.2472745054398686,0.1995270099467777,0.13,0.03,1,1.0,0.1928050010504718,0.4747794423397223,M_07,H_07,0.22022209,0.42623365,0.45997292,0.54002714,0.5364886,0.46351138
demo_07_10,site_07_10,block_07,2023,autumn,train,0.5188999892872578,0.2365550316450465,0.13,0.03,1,1.0,0.2930750875789254,0.5608780857693652,M_07,H_07,0.2612576,0.5529346,0.12644461,0.8735555,0.8354737,0.16452631
demo_07_11,site_07_11,block_07,2024,winter,train,0.2831806970238225,0.932982278912294,0.03,0.1,1,1.0,0.2734879871181514,0.1783223663945245,M_07,H_07,0.31913581,0.19837949,0.89974713,0.100252934,0.7530383,0.24696174
demo_07_12,site_07_12,block_07,2023,spring,train,0.644886388219474,0.4020871528886514,0.03,0.1,1,1.0,0.3490631286245891,0.6100395307698506,M_07,H_07,0.45043993,0.6316042,0.24037841,0.7596217,0.72482574,0.27517426
demo_07_13,site_07_13,block_07,2024,summer,train,0.487498922204175,0.4907445475666062,0.13,0.03,1,1.0,0.3071730496144221,0.4504199875290587,M_07,H_07,0.48922235,0.49375585,0.46817043,0.5318296,0.7079078,0.29209226
demo_07_14,site_07_14,block_07,2023,autumn,train,0.2731224464563548,0.3899091445149708,0.13,0.03,1,1.0,0.1138616915089326,0.3487851861546859,M_07,H_07,0.28349394,0.4150044,0.895306,0.104694046,0.47943848,0.5205615
demo_07_15,site_07_15,block_07,2024,winter,train,0.7987690590221852,0.2123971195583016,0.03,0.1,0,1.0,0.5428296296427914,,M_07,H_07,0.53230655,0.0,0.6936073,0.30639282,0.6503523,0.34964773
demo_07_16,site_07_16,block_07,2023,spring,train,0.8361192329029984,0.4727548648148874,0.03,0.1,1,1.0,0.6563158024208942,0.6702371123206384,M_07,H_07,0.65552276,0.68283194,0.5732364,0.42676365,0.5607895,0.43921053
demo_07_17,site_07_17,block_07,2024,summer,train,0.7278491911140164,0.2630020902778779,0.13,0.03,0,1.0,0.4327878879320265,,M_07,H_07,0.5071098,0.0,0.64499956,0.35500044,0.6463725,0.3536275
demo_07_18,site_07_18,block_07,2023,autumn,train,0.7414153355004074,0.5752355308582462,0.13,0.03,1,1.0,0.6825284006657041,0.6199870327775749,M_07,H_07,0.60260147,0.58178604,0.1831361,0.81686395,0.56472737,0.4352726
demo_07_19,site_07_19,block_07,2024,winter,train,0.5173107692573576,0.2286261633380116,0.03,0.1,1,1.0,0.2817923850405617,0.5569014721106247,M_07,H_07,0.2781945,0.54098004,0.2403171,0.7596829,0.88802177,0.111978196
demo_07_20,site_07_20,block_07,2023,spring,train,0.3551927789436989,0.7303816089129803,0.03,0.1,1,1.0,0.3812909836215947,0.3146952634821536,M_07,H_07,0.38180128,0.31802663,0.89979345,0.10020661,0.5990409,0.40095907
demo_07_21,site_07_21,block_07,2024,summer,train,0.378220343900943,0.6533895943933355,0.13,0.03,1,1.0,0.3434006282782797,0.352760888150648,M_07,H_07,0.39952692,0.3621862,0.8997538,0.10024621,0.5036568,0.49634317
demo_07_22,site_07_22,block_07,2023,autumn,train,0.5334873284833465,0.2644020866108201,0.13,0.03,1,1.0,0.1733431722602511,0.4429739821601995,M_07,H_07,0.28827614,0.5634545,0.12315154,0.8768485,0.8298785,0.17012155
demo_07_23,site_07_23,block_07,2024,winter,train,0.6499861480774295,0.4776429700539641,0.03,0.1,1,1.0,0.4782539966529112,0.5143380725229844,M_07,H_07,0.5169787,0.5861133,0.25686884,0.7431312,0.52681583,0.47318417
demo_08_00,site_08_00,block_08,2023,spring,train,0.2686318940348855,0.8098881974980399,0.03,0.1,1,1.0,0.1426274857671566,0.1681645024262139,M_08,H_08,0.3000428,0.23515855,0.8997936,0.100206435,0.61506885,0.38493115
demo_08_01,site_08_01,block_08,2024,summer,train,0.7578555693679653,0.8571577253854912,0.13,0.03,1,1.0,0.7964161620667874,0.6668100603359128,M_08,H_08,0.7683517,0.5234227,0.8882907,0.11170933,0.77821535,0.22178465
demo_08_02,site_08_02,block_08,2023,autumn,train,0.0906500983430285,0.5531881816633167,0.13,0.03,0,1.0,0.0305167773080927,,M_08,H_08,0.10868083,0.0,0.89970183,0.10029818,0.394751,0.605249
demo_08_03,site_08_03,block_08,2024,winter,train,0.8318081448857355,0.999,0.03,0.1,1,1.0,0.7515807484999897,0.5220871967761436,M_08,H_08,0.8475576,0.38617665,0.89758855,0.10241152,0.88587886,0.114121184
demo_08_04,site_08_04,block_08,2023,spring,train,0.260811327118949,0.6171326407183955,0.03,0.1,1,1.0,0.1255789474002495,0.2709972702959023,M_08,H_08,0.28432116,0.30037,0.89979273,0.10020728,0.632141,0.36785904
demo_08_05,site_08_05,block_08,2024,summer,train,0.999,0.7202898108782361,0.13,0.03,1,1.0,0.7252166713681746,0.6572908271441281,M_08,H_08,0.74914676,0.62442005,0.120089,0.87991107,0.6308475,0.36915252
demo_08_06,site_08_06,block_08,2023,autumn,train,0.6664889440788364,0.3292625709013601,0.13,0.03,1,1.0,0.4834897982986165,0.6409996103296166,M_08,H_08,0.42622533,0.6679607,0.36602998,0.6339701,0.6528478,0.3471522
demo_08_07,site_08_07,block_08,2024,winter,train,0.4668748511248721,0.4877222367701696,0.03,0.1,1,1.0,0.4106937530582463,0.5200584247628735,M_08,H_08,0.4752943,0.47554672,0.5908656,0.4091344,0.8016937,0.19830638
demo_08_08,site_08_08,block_08,2023,spring,train,0.448257877361387,0.5555751335103469,0.03,0.1,0,1.0,0.3295243078733848,,M_08,H_08,0.4580116,0.0,0.89970964,0.100290336,0.68114793,0.31885207
demo_08_09,site_08_09,block_08,2024,summer,train,0.999,0.4893004253562402,0.13,0.03,1,1.0,0.6408244631148133,0.7077461817822952,M_08,H_08,0.67059076,0.7033515,0.44156915,0.55843085,0.4770313,0.5229687
demo_08_10,site_08_10,block_08,2023,autumn,train,0.5048150499711004,0.2290541255396178,0.13,0.03,0,1.0,0.2770195491620965,,M_08,H_08,0.2525588,0.0,0.12361654,0.87638354,0.8348752,0.1651248
demo_08_11,site_08_11,block_08,2024,winter,train,0.3158854479187976,0.4599791858854739,0.03,0.1,1,1.0,0.1655201035130913,0.325320625023785,M_08,H_08,0.3280216,0.35347888,0.8996816,0.100318424,0.7903053,0.20969474
demo_08_12,site_08_12,block_08,2023,spring,train,0.6716862224406992,0.3939249742012389,0.03,0.1,0,1.0,0.426546417252203,,M_08,H_08,0.4780535,0.0,0.36272693,0.63727313,0.6993764,0.30062363
demo_08_13,site_08_13,block_08,2024,summer,train,0.999,0.6408659312297051,0.13,0.03,1,1.0,0.701328035865258,0.6460253327439829,M_08,H_08,0.6914745,0.6376782,0.17120999,0.82879,0.5611973,0.4388027
demo_08_14,site_08_14,block_08,2023,autumn,train,0.6092337872526083,0.5679289827261322,0.13,0.03,1,1.0,0.5330037361987087,0.5403612227165804,M_08,H_08,0.5851979,0.5429962,0.42665806,0.57334197,0.66503,0.33497003
demo_08_15,site_08_15,block_08,2024,winter,train,0.1485963365090626,0.426919565970087,0.03,0.1,1,1.0,0.1177487850403245,0.2459357555846283,M_08,H_08,0.1651779,0.2146793,0.8997598,0.10024029,0.7274308,0.27256927
demo_08_16,site_08_16,block_08,2023,spring,train,0.4998007083310379,0.6339242636227315,0.03,0.1,1,1.0,0.3880123618788443,0.3863168242809281,M_08,H_08,0.51185626,0.4407844,0.8997374,0.10026261,0.5964481,0.4035519
demo_08_17,site_08_17,block_08,2024,summer,train,0.9328854852041109,0.5686017105055781,0.13,0.03,0,1.0,0.7071837225025956,,M_08,H_08,0.6473162,0.0,0.2618747,0.7381253,0.5159752,0.48402488
demo_08_18,site_08_18,block_08,2023,autumn,train,0.9549564655024552,0.6111443384980897,0.13,0.03,1,1.0,0.5827959978145353,0.6358693120208632,M_08,H_08,0.685074,0.59694576,0.25584882,0.74415123,0.4770599,0.5229401
demo_08_19,site_08_19,block_08,2024,winter,train,0.6449427108621423,0.0980286188119794,0.03,0.1,1,1.0,0.3932986311961441,0.6532859141983818,M_08,H_08,0.47299162,0.6718987,0.8354035,0.16459653,0.87792623,0.12207379
demo_08_20,site_08_20,block_08,2023,spring,train,0.490588340798842,0.523680934713699,0.03,0.1,1,1.0,0.3594615953364863,0.3680544961587275,M_08,H_08,0.49390054,0.48745626,0.8969195,0.10308059,0.7830179,0.21698219
demo_08_21,site_08_21,block_08,2024,summer,train,0.999,0.7231436290544404,0.13,0.03,1,1.0,0.7433009138383609,0.5648784000587758,M_08,H_08,0.7515804,0.6240005,0.1193586,0.8806415,0.6332738,0.36672628
demo_08_22,site_08_22,block_08,2023,autumn,train,0.6553093901569929,0.2400663621375109,0.13,0.03,1,1.0,0.3394436727342781,0.5706537552301163,M_08,H_08,0.38820645,0.68577427,0.47861546,0.52138454,0.693222,0.30677804
demo_08_23,site_08_23,block_08,2024,winter,train,0.2339956467037695,0.6736908749457113,0.03,0.1,1,1.0,0.1642146785965369,0.2175840652334656,M_08,H_08,0.26015878,0.2563872,0.8997706,0.100229345,0.7251895,0.2748105
demo_09_00,site_09_00,block_09,2023,spring,train,0.4894197858020376,0.2894274001004899,0.03,0.1,1,1.0,0.2875380491039822,0.521613095714526,M_09,H_09,0.32461455,0.5187463,0.21840954,0.7815905,0.8439204,0.15607964
demo_09_01,site_09_01,block_09,2024,summer,train,0.414176237567293,0.8371238106888463,0.13,0.03,1,1.0,0.3377570751907663,0.3182438087279337,M_09,H_09,0.44443604,0.28754538,0.8997916,0.10020842,0.60901064,0.3909894
demo_09_02,site_09_02,block_09,2023,autumn,train,0.1377166750721681,0.8154237264755368,0.13,0.03,1,1.0,0.3047411117577174,0.2727890768890337,M_09,H_09,0.16458352,0.15524052,0.89979273,0.10020723,0.5910146,0.40898538
demo_09_03,site_09_03,block_09,2024,winter,train,0.7471121295064792,0.5280392856139097,0.03,0.1,1,1.0,0.6666151963414962,0.6217631156776418,M_09,H_09,0.60090137,0.5913582,0.37246,0.62754005,0.49100068,0.50899935
demo_09_04,site_09_04,block_09,2023,spring,train,0.7501571274957566,0.4071292136082749,0.03,0.1,0,1.0,0.6339987488144305,,M_09,H_09,0.56928676,0.0,0.54856026,0.45143974,0.61157435,0.3884257
demo_09_05,site_09_05,block_09,2024,summer,train,0.3285753113528972,0.5246232072094876,0.13,0.03,1,1.0,0.3289027437985303,0.3886938566027357,M_09,H_09,0.34438202,0.39849234,0.89958507,0.10041504,0.4776591,0.52234095
demo_09_06,site_09_06,block_09,2023,autumn,train,0.8012467449345333,0.1994846573581455,0.13,0.03,1,1.0,0.5667612748973568,0.7332532653754088,M_09,H_09,0.51477754,0.8008908,0.68180096,0.31819913,0.5134372,0.48656285
demo_09_07,site_09_07,block_09,2024,winter,train,0.6084008398896306,0.0852528163231151,0.03,0.1,1,1.0,0.3292053719174638,0.583181793670654,M_09,H_09,0.4444918,0.63697267,0.8402706,0.15972942,0.88746625,0.11253379
demo_09_08,site_09_08,block_09,2023,spring,train,0.1798623335096677,0.3117492728236932,0.03,0.1,1,1.0,0.0,0.2899191647101047,M_09,H_09,0.19007646,0.26329947,0.8995748,0.100425184,0.7160124,0.2839876
demo_09_09,site_09_09,block_09,2024,summer,train,0.595543334405825,0.6869657428773132,0.13,0.03,1,1.0,0.6259508270249275,0.5606081900652832,M_09,H_09,0.604191,0.45724598,0.89905316,0.10094694,0.58913505,0.410865
demo_09_10,site_09_10,block_09,2023,autumn,train,0.3621360341468119,0.2173096680722903,0.13,0.03,1,1.0,0.1473639260758067,0.4579540186791314,M_09,H_09,0.23223558,0.43984163,0.13007528,0.8699248,0.7477741,0.2522259
demo_09_11,site_09_11,block_09,2024,winter,train,0.746594954717357,0.4140020169106021,0.03,0.1,0,1.0,0.55150772621017,,M_09,H_09,0.5528463,0.0,0.49047428,0.5095257,0.528054,0.47194603
demo_09_12,site_09_12,block_09,2023,spring,train,0.1842429170970506,0.5928940004258455,0.03,0.1,0,1.0,0.1131674077489108,,M_09,H_09,0.20713504,0.0,0.89979476,0.10020525,0.63395554,0.36604455
demo_09_13,site_09_13,block_09,2024,summer,train,0.2442150486516764,0.7632217018232629,0.13,0.03,1,1.0,0.3235201256712252,0.3027016643943964,M_09,H_09,0.27375317,0.24059376,0.8998001,0.10019992,0.51691777,0.4830823
demo_09_14,site_09_14,block_09,2023,autumn,train,0.8621992738923063,0.1789151925104466,0.13,0.03,1,1.0,0.4346107064866295,0.6643695574201465,M_09,H_09,0.5293031,0.84056586,0.68972844,0.3102716,0.47992134,0.5200787
demo_09_15,site_09_15,block_09,2024,winter,train,0.7440362923930748,0.8831607363132055,0.03,0.1,1,1.0,0.6581396822344753,0.4545542280975133,M_09,H_09,0.7570585,0.57565445,0.898781,0.10121908,0.86140364,0.13859643
demo_09_16,site_09_16,block_09,2023,spring,train,0.7318861636592937,0.2717212368553851,0.03,0.1,1,1.0,0.4995414425831152,0.7007955867721883,M_09,H_09,0.5356957,0.7307422,0.685059,0.314941,0.6834224,0.31657764
demo_09_17,site_09_17,block_09,2024,summer,train,0.7407101135142143,0.6360845230193147,0.13,0.03,1,1.0,0.7740455963250514,0.6112046514393925,M_09,H_09,0.64693147,0.54385906,0.11104015,0.88895994,0.56532353,0.43467653
demo_09_18,site_09_18,block_09,2023,autumn,train,0.3155015188639143,0.3991140664689304,0.13,0.03,1,1.0,0.4537119478654294,0.5898996392355575,M_09,H_09,0.3238152,0.42520106,0.8893602,0.11063991,0.5368217,0.46317834
demo_09_19,site_09_19,block_09,2024,winter,train,0.1958747751479176,0.3203755340842252,0.03,0.1,1,1.0,0.0,0.2813260115209275,M_09,H_09,0.20589155,0.24109088,0.89863384,0.10136619,0.8330486,0.16695142
demo_09_20,site_09_20,block_09,2023,spring,train,0.7915947934204207,0.4399856408837074,0.03,0.1,1,1.0,0.6631798208879481,0.726547793488917,M_09,H_09,0.61294365,0.6845112,0.5644929,0.43550712,0.5800347,0.41996533
demo_09_21,site_09_21,block_09,2024,summer,train,0.6840421115706546,0.7340120214330125,0.13,0.03,1,1.0,0.6049533299944201,0.4928827192755998,M_09,H_09,0.6895392,0.495605,0.88647544,0.11352458,0.6588493,0.34115076
demo_09_22,site_09_22,block_09,2023,autumn,train,0.3943414254364704,0.3415088576231452,0.13,0.03,1,1.0,0.2439441408224723,0.4925598727071907,M_09,H_09,0.35047802,0.45420113,0.1802263,0.81977373,0.7243736,0.2756265
demo_09_23,site_09_23,block_09,2024,winter,train,0.367350322376613,0.2327333991025073,0.03,0.1,1,1.0,0.0698174807326512,0.3754381798044403,M_09,H_09,0.24434641,0.40649068,0.10668472,0.8933153,0.86253554,0.13746454
demo_10_00,site_10_00,block_10,2023,spring,train,0.6195809387994151,0.596494804917485,0.03,0.1,1,1.0,0.5090217584340458,0.4976382473302808,M_10,H_10,0.6001359,0.5232456,0.16026565,0.8397344,0.6059441,0.3940559
demo_10_01,site_10_01,block_10,2024,summer,train,0.6976463288162835,0.5838346930107168,0.13,0.03,1,1.0,0.5579980311546251,0.5746420303000012,M_10,H_10,0.59514004,0.5522246,0.10768942,0.8923106,0.54753375,0.45246622
demo_10_02,site_10_02,block_10,2023,autumn,train,0.4632779283440577,0.4226121601971948,0.13,0.03,1,1.0,0.4060752669541091,0.5332072987481086,M_10,H_10,0.4311363,0.4906369,0.21736097,0.7826391,0.7394159,0.26058418
demo_10_03,site_10_03,block_10,2024,winter,train,0.512593791240509,0.949548270400272,0.03,0.1,0,1.0,0.4730614227653644,,M_10,H_10,0.5452833,0.0,0.89972186,0.10027817,0.791626,0.20837411
demo_10_04,site_10_04,block_10,2023,spring,train,0.2019868847981336,0.2498005656988596,0.03,0.1,1,1.0,0.0239741381956356,0.2412368850225449,M_10,H_10,0.2068838,0.2718292,0.8872515,0.11274853,0.7736736,0.22632644
demo_10_05,site_10_05,block_10,2024,summer,train,0.3958968904136586,0.3391504593990095,0.13,0.03,0,1.0,0.4105008182031224,,M_10,H_10,0.35002708,0.0,0.20403808,0.7959619,0.71423686,0.28576317
demo_10_06,site_10_06,block_10,2023,autumn,train,0.6513784762720494,0.4094633554618783,0.13,0.03,1,1.0,0.4347248849775687,0.6220139607704519,M_10,H_10,0.4466937,0.63077396,0.1874572,0.81254286,0.67220575,0.32779437
demo_10_07,site_10_07,block_10,2024,winter,train,0.7690217448690613,0.3438095064318452,0.03,0.1,1,1.0,0.5324233104776592,0.735243162051837,M_10,H_10,0.5442334,0.7173629,0.5705248,0.42947522,0.56174266,0.43825734
demo_10_08,site_10_08,block_10,2023,spring,train,0.7818356197858723,0.6015513996766506,0.03,0.1,0,1.0,0.7139458247615496,,M_10,H_10,0.64515334,0.0,0.26694903,0.733051,0.59962094,0.40037912
demo_10_09,site_10_09,block_10,2024,summer,train,0.8821984007236495,0.8501372032450982,0.13,0.03,1,1.0,0.7941486961420863,0.5819289578726111,M_10,H_10,0.85477924,0.5804055,0.14709978,0.85290027,0.7638118,0.2361882
demo_10_10,site_10_10,block_10,2023,autumn,train,0.9140671776551328,0.4117457665826185,0.13,0.03,1,1.0,0.6111242153647193,0.6411615364348167,M_10,H_10,0.65318596,0.7091474,0.57862943,0.42137057,0.42406434,0.5759356
demo_10_11,site_10_11,block_10,2024,winter,train,0.2973916502966713,0.2106263291007894,0.03,0.1,1,1.0,0.1034852972578838,0.3375761455944967,M_10,H_10,0.21882252,0.34362388,0.11066504,0.889335,0.8519778,0.14802222
demo_10_12,site_10_12,block_10,2023,spring,train,0.6807415805339367,0.2223494331283314,0.03,0.1,1,1.0,0.4286794679395643,0.6334812254567461,M_10,H_10,0.50308007,0.7005526,0.72971267,0.2702874,0.78446454,0.21553552
demo_10_13,site_10_13,block_10,2024,summer,train,0.999,0.7619258416008761,0.13,0.03,1,1.0,0.6830564636724248,0.6415847783111333,M_10,H_10,0.7856265,0.6177015,0.11307372,0.88692635,0.6647896,0.3352104
demo_10_14,site_10_14,block_10,2023,autumn,train,0.4715232525048013,0.7746173676763456,0.13,0.03,1,1.0,0.5007863463203981,0.4118320926819648,M_10,H_10,0.4955961,0.36584833,0.8996923,0.10030776,0.65624475,0.34375533
demo_10_15,site_10_15,block_10,2024,winter,train,0.4409637615439935,0.8473303026741794,0.03,0.1,1,1.0,0.4132251372419441,0.2874012681237412,M_10,H_10,0.470804,0.34266376,0.8997453,0.100254774,0.7622172,0.2377828
demo_10_16,site_10_16,block_10,2023,spring,train,0.5065603143342756,0.4384225491518737,0.03,0.1,1,1.0,0.389360849046483,0.4431628169402106,M_10,H_10,0.4456114,0.51773083,0.11258561,0.88741446,0.78845,0.21155001
demo_10_17,site_10_17,block_10,2024,summer,train,0.780419845962346,0.886947575240358,0.13,0.03,1,1.0,0.6219132694863156,0.4146021993369529,M_10,H_10,0.7921123,0.53098536,0.88377744,0.11622256,0.8006721,0.19932792
demo_10_18,site_10_18,block_10,2023,autumn,train,0.8517564047464647,0.5929105945014348,0.13,0.03,0,1.0,0.7125798363799,,M_10,H_10,0.64821005,0.0,0.24615455,0.75384545,0.49626434,0.5037357
demo_10_19,site_10_19,block_10,2024,winter,train,0.6969505157719673,0.3418053418303684,0.03,0.1,1,1.0,0.5139955131521698,0.632468758079575,M_10,H_10,0.4946055,0.68197566,0.51864296,0.48135704,0.6203631,0.37963694
demo_10_20,site_10_20,block_10,2023,spring,train,0.5535527589653313,0.719684182483478,0.03,0.1,1,1.0,0.4902876506441305,0.4656283269565207,M_10,H_10,0.56831044,0.41254124,0.8997515,0.100248545,0.56789595,0.43210405
demo_10_21,site_10_21,block_10,2024,summer,train,0.5557454473976711,0.3700091046517217,0.13,0.03,1,1.0,0.3580649912318809,0.4589081200819353,M_10,H_10,0.38623446,0.5677879,0.10550351,0.8944965,0.82903963,0.17096043
demo_10_22,site_10_22,block_10,2023,autumn,train,0.3153596595624476,0.4288931098109249,0.13,0.03,1,1.0,0.2195727795762016,0.3702190313191064,M_10,H_10,0.325547,0.422205,0.89660555,0.10339449,0.50867885,0.4913212
demo_10_23,site_10_23,block_10,2024,winter,train,0.857527981325367,0.9137714643945688,0.03,0.1,1,1.0,0.745545532962479,0.5834724446516079,M_10,H_10,0.86687154,0.6585342,0.82941073,0.17058933,0.88505393,0.11494612
demo_11_00,site_11_00,block_11,2023,spring,train,0.8816721101898283,0.3227791822243591,0.03,0.1,1,1.0,0.6573545158979294,0.7916382396259265,M_11,H_11,0.6329966,0.78220844,0.6702448,0.32975522,0.5462905,0.45370948
demo_11_01,site_11_01,block_11,2024,summer,train,0.4476103307777969,0.4543870289045789,0.13,0.03,1,1.0,0.3526956305131555,0.5205307327042457,M_11,H_11,0.45063543,0.47424418,0.5517439,0.44825608,0.7080649,0.29193512
demo_11_02,site_11_02,block_11,2023,autumn,train,0.1504930349839711,0.2923978396966694,0.13,0.03,1,1.0,0.0712279747098004,0.3182333488087731,M_11,H_11,0.16164993,0.38834682,0.8923271,0.107672974,0.38759473,0.61240536
demo_11_03,site_11_03,block_11,2024,winter,train,0.4020340913028751,0.7075516397753575,0.03,0.1,0,1.0,0.3183130333850558,,M_11,H_11,0.4254728,0.0,0.8997581,0.10024197,0.73480207,0.26519796
demo_11_04,site_11_04,block_11,2023,spring,train,0.1431025694338573,0.4463992435745663,0.03,0.1,1,1.0,0.0,0.2481983067880396,M_11,H_11,0.16038367,0.22947362,0.8997873,0.10021272,0.6509478,0.34905225
demo_11_05,site_11_05,block_11,2024,summer,train,0.6897804581227273,0.2811442518224135,0.13,0.03,1,1.0,0.5202639129754748,0.688522907027663,M_11,H_11,0.4775381,0.6982916,0.59027624,0.40972382,0.7029727,0.2970274
demo_11_06,site_11_06,block_11,2023,autumn,train,0.068317735391199,0.4595845202160117,0.13,0.03,1,1.0,0.1325063271222167,0.3036692701237377,M_11,H_11,0.08273259,0.26463342,0.8995653,0.1004347,0.3452294,0.6547707
demo_11_07,site_11_07,block_11,2024,winter,train,0.4899033957604135,0.658659004911044,0.03,0.1,1,1.0,0.3490352653477919,0.424866765681476,M_11,H_11,0.50466704,0.44185492,0.8996931,0.10030699,0.714312,0.28568804
demo_11_08,site_11_08,block_11,2023,spring,train,0.4924942762426008,0.5513566677248614,0.03,0.1,1,1.0,0.285887417536015,0.4561915680486527,M_11,H_11,0.4981232,0.47935176,0.8993386,0.10066141,0.70995367,0.29004636
demo_11_09,site_11_09,block_11,2024,summer,train,0.3003836360778925,0.4909995805330638,0.13,0.03,1,1.0,0.2904017032874636,0.4537925158570695,M_11,H_11,0.315592,0.39899313,0.8994878,0.10051231,0.46171772,0.53828233
demo_11_10,site_11_10,block_11,2023,autumn,train,0.2702968385607527,0.3408334395901335,0.13,0.03,1,1.0,0.0865811074037386,0.3839062719978602,M_11,H_11,0.2786442,0.41383615,0.868829,0.13117106,0.52218664,0.4778134
demo_11_11,site_11_11,block_11,2024,winter,train,0.8219757252189202,0.9435216629404322,0.03,0.1,1,1.0,0.7806330153346361,0.5603052257776208,M_11,H_11,0.8338777,0.60503054,0.89575773,0.10424227,0.8855681,0.11443191
demo_11_12,site_11_12,block_11,2023,spring,train,0.2470328617452122,0.2727193106156204,0.03,0.1,1,1.0,0.058254386664452,0.2361058551335185,M_11,H_11,0.2499479,0.29478726,0.8814104,0.118589535,0.83632714,0.16367295
demo_11_13,site_11_13,block_11,2024,summer,train,0.6854711462521307,0.8125659903259442,0.13,0.03,1,1.0,0.6461722265059846,0.4293433045188161,M_11,H_11,0.6973914,0.46665117,0.8986397,0.10136042,0.70345455,0.29654542
demo_11_14,site_11_14,block_11,2023,autumn,train,0.8055432048749096,0.3604510489888707,0.13,0.03,1,1.0,0.6808028958690469,0.761595955471195,M_11,H_11,0.58627915,0.71264344,0.6049038,0.39509618,0.46897647,0.53102344
demo_11_15,site_11_15,block_11,2024,winter,train,0.6682671434275828,0.6697370047013916,0.03,0.1,1,1.0,0.6315179534453463,0.5052145502277361,M_11,H_11,0.6690664,0.4949648,0.45592797,0.54407203,0.57406086,0.4259391
demo_11_16,site_11_16,block_11,2023,spring,train,0.7731170655259866,0.6447423187714963,0.03,0.1,1,1.0,0.6847238034336978,0.5598989572254965,M_11,H_11,0.6678267,0.57198983,0.19373323,0.80626684,0.6125074,0.3874926
demo_11_17,site_11_17,block_11,2024,summer,train,0.1736781038548035,0.8313674828795453,0.13,0.03,1,1.0,0.3975794598741042,0.2727248377819747,M_11,H_11,0.20318162,0.17136851,0.8998021,0.1001979,0.5459138,0.45408624
demo_11_18,site_11_18,block_11,2023,autumn,train,0.4582650636314488,0.314331777679314,0.13,0.03,1,1.0,0.3547390046896425,0.5073441693240739,M_11,H_11,0.32789826,0.49964616,0.11208118,0.88791883,0.78544915,0.21455087
demo_11_19,site_11_19,block_11,2024,winter,train,0.5194225886432972,0.7927080499577039,0.03,0.1,0,1.0,0.431259123998693,,M_11,H_11,0.54191256,0.0,0.89973223,0.10026778,0.7579913,0.24200875
demo_11_20,site_11_20,block_11,2023,spring,train,0.5284733498135702,0.4760880312578379,0.03,0.1,0,1.0,0.3492174268038828,,M_11,H_11,0.48160484,0.0,0.11036731,0.88963276,0.7471517,0.2528483
demo_11_21,site_11_21,block_11,2024,summer,train,0.6511424593030065,0.8079023024313112,0.13,0.03,1,1.0,0.559384913349139,0.4789619934748224,M_11,H_11,0.66543275,0.4377448,0.8993607,0.10063934,0.67470765,0.3252924
demo_11_22,site_11_22,block_11,2023,autumn,train,0.33230488490985,0.504441837298098,0.13,0.03,1,1.0,0.2713121211010535,0.3869330864947396,M_11,H_11,0.3465867,0.40722668,0.89918506,0.10081492,0.49123895,0.50876105
demo_11_23,site_11_23,block_11,2024,winter,train,0.234842956029002,0.3906610566512267,0.03,0.1,1,1.0,0.0693219603031715,0.3143735738049215,M_11,H_11,0.24715316,0.28361738,0.8996093,0.1003907,0.80207926,0.19792077
demo_12_00,site_12_00,block_12,2023,spring,validation,0.707063689767903,0.5004877367070671,0.03,0.1,0,1.0,0.5395935652052648,,M_outer,H_outer,0.547492,0.0,0.2597831,0.740217,0.61903405,0.38096604
demo_12_01,site_12_01,block_12,2024,summer,validation,0.4201970627755134,0.6836976141878768,0.13,0.03,1,1.0,0.1959078784012026,0.2295887260979112,M_outer,H_outer,0.44121045,0.3674302,0.89975554,0.10024457,0.52754056,0.47245947
demo_12_02,site_12_02,block_12,2023,autumn,validation,0.5261636338815636,0.2135693942037171,0.13,0.03,1,1.0,0.2966038758518433,0.5469420218250629,M_outer,H_outer,0.24294934,0.5614144,0.14295025,0.85704976,0.8386455,0.16135457
demo_12_03,site_12_03,block_12,2024,winter,validation,0.2292031672097596,0.5966142267972615,0.03,0.1,1,1.0,0.1256971604895291,0.2232194116252828,M_outer,H_outer,0.25226793,0.26791558,0.8997735,0.10022655,0.72392106,0.27607897
demo_12_04,site_12_04,block_12,2023,spring,validation,0.7645196783700995,0.7171515077912629,0.03,0.1,1,1.0,0.6493624722481487,0.5577488680964838,M_outer,H_outer,0.7288731,0.5434561,0.25347543,0.74652463,0.6567572,0.34324282
demo_12_05,site_12_05,block_12,2024,summer,validation,0.2341357291020266,0.7193133995573817,0.13,0.03,1,1.0,0.1913796129724327,0.2473247773089535,M_outer,H_outer,0.26200733,0.25705975,0.8997935,0.100206524,0.48489657,0.5151035
demo_12_06,site_12_06,block_12,2023,autumn,validation,0.5466180704818403,0.6746657718706413,0.13,0.03,1,1.0,0.5652123386412341,0.502961850621566,M_outer,H_outer,0.55836487,0.44080284,0.8989756,0.101024434,0.5853657,0.41463432
demo_12_07,site_12_07,block_12,2024,winter,validation,0.7968943765082758,0.3770201830348216,0.03,0.1,1,1.0,0.6206909005643017,0.6496407621276937,M_outer,H_outer,0.57229495,0.7094188,0.5576466,0.44235346,0.5277323,0.47226778
demo_12_08,site_12_08,block_12,2023,spring,validation,0.1949289995648275,0.6733246202085265,0.03,0.1,1,1.0,0.1790109480330155,0.2128128751556559,M_outer,H_outer,0.22070967,0.23709156,0.89979553,0.10020449,0.62076455,0.3792355
demo_12_09,site_12_09,block_12,2024,summer,validation,0.6336094516578281,0.1988626815228446,0.13,0.03,1,1.0,0.4804468074178846,0.6772732842189995,M_outer,H_outer,0.413778,0.6668332,0.63229495,0.367705,0.7821513,0.21784873
demo_12_10,site_12_10,block_12,2023,autumn,validation,0.4185399401475383,0.8317519652282557,0.13,0.03,0,1.0,0.5580917390167814,,M_outer,H_outer,0.448372,0.0,0.8997456,0.100254506,0.6896613,0.31033877
demo_12_11,site_12_11,block_12,2024,winter,validation,0.3588250182860676,0.6623665797466565,0.03,0.1,1,1.0,0.2951048708256159,0.1967428634641703,M_outer,H_outer,0.38156393,0.35298288,0.89976317,0.10023683,0.73034185,0.2696582
demo_12_12,site_12_12,block_12,2023,spring,validation,0.426777412902921,0.9157159389247316,0.03,0.1,1,1.0,0.3458247745764699,0.2405726168330386,M_outer,H_outer,0.4607086,0.2346337,0.8997921,0.10020796,0.6311892,0.36881083
demo_12_13,site_12_13,block_12,2024,summer,validation,0.6048604567804794,0.5316158676375248,0.13,0.03,1,1.0,0.3614241330394429,0.4710203915136519,M_outer,H_outer,0.5387751,0.5504744,0.103637,0.896363,0.6315447,0.36845532
demo_12_14,site_12_14,block_12,2023,autumn,validation,0.2376727326290159,0.4089581368691838,0.13,0.03,1,1.0,0.3066745014300989,0.4981387364228621,M_outer,H_outer,0.2511362,0.40007848,0.8984723,0.10152769,0.42835277,0.5716472
demo_12_15,site_12_15,block_12,2024,winter,validation,0.6991034744948121,0.9756120104936188,0.03,0.1,1,1.0,0.6201078008318199,0.5163393494227193,M_outer,H_outer,0.7228993,0.41869637,0.8995662,0.10043386,0.84722966,0.15277041
demo_12_16,site_12_16,block_12,2023,spring,validation,0.8042766235169992,0.8521437993573201,0.03,0.1,0,1.0,0.7017581795084661,,M_outer,H_outer,0.8091936,0.0,0.8945735,0.10542652,0.816517,0.18348306
demo_12_17,site_12_17,block_12,2024,summer,validation,0.543199383699021,0.6192323227997457,0.13,0.03,1,1.0,0.3216797320999017,0.380809507907809,M_outer,H_outer,0.5504568,0.4676413,0.8986888,0.10131122,0.5784399,0.42156014
demo_12_18,site_12_18,block_12,2023,autumn,validation,0.8086569654495575,0.5920310296170496,0.13,0.03,1,1.0,0.3982162316514965,0.4320804761181751,M_outer,H_outer,0.6333187,0.5823577,0.21620086,0.78379923,0.5201727,0.4798273
demo_12_19,site_12_19,block_12,2024,winter,validation,0.4673766126302995,0.2427329480530425,0.03,0.1,1,1.0,0.2649170620260044,0.5369048385877307,M_outer,H_outer,0.26240057,0.49441352,0.11891566,0.88108444,0.8834664,0.11653358
demo_12_20,site_12_20,block_12,2023,spring,validation,0.2594658672954025,0.4982081633903197,0.03,0.1,1,1.0,0.1515938705259144,0.2803302052053601,M_outer,H_outer,0.27699772,0.31982985,0.8997779,0.100222096,0.68287355,0.31712648
demo_12_21,site_12_21,block_12,2024,summer,validation,0.3646879746476501,0.4942372739763402,0.13,0.03,1,1.0,0.087304989192654,0.2496028920750596,M_outer,H_outer,0.37604865,0.4253926,0.899082,0.100917995,0.5291792,0.47082078
demo_12_22,site_12_22,block_12,2023,autumn,validation,0.5579735891303788,0.7375216394805814,0.13,0.03,1,1.0,0.4501212103686831,0.3807874069390656,M_outer,H_outer,0.5738553,0.42093024,0.89940023,0.10059983,0.62627184,0.3737282
demo_12_23,site_12_23,block_12,2024,winter,validation,0.3644328310012152,0.6185960826587669,0.03,0.1,1,1.0,0.2602766905204686,0.3604567447988424,M_outer,H_outer,0.38428313,0.3689766,0.8997614,0.10023864,0.72776943,0.27223063
demo_13_00,site_13_00,block_13,2023,spring,validation,0.4851594259066491,0.1918874293232533,0.03,0.1,1,1.0,0.3231010977565949,0.6063055902535545,M_outer,H_outer,0.3255496,0.52148056,0.5698835,0.43011653,0.85850424,0.14149576
demo_13_01,site_13_01,block_13,2024,summer,validation,0.4224395004213075,0.5978107950889096,0.13,0.03,1,1.0,0.2820004138321677,0.3345857969834416,M_outer,H_outer,0.43741933,0.41267356,0.8996449,0.100355096,0.52386844,0.47613162
demo_13_02,site_13_02,block_13,2023,autumn,validation,0.001,0.8437252928940558,0.13,0.03,1,1.0,0.1576240204750071,0.1771984973377794,M_outer,H_outer,0.0019645072,0.009759988,0.8997835,0.10021656,0.5489975,0.45100245
demo_13_03,site_13_03,block_13,2024,winter,validation,0.715399902385336,0.3584702385605224,0.03,0.1,1,1.0,0.4792106628089,0.6504374064994762,M_outer,H_outer,0.512226,0.6838626,0.51653,0.48347,0.5863268,0.41367322
demo_13_04,site_13_04,block_13,2023,spring,validation,0.1982449236908856,0.6434545850096461,0.03,0.1,1,1.0,0.1039934566022322,0.1994263849004013,M_outer,H_outer,0.2230685,0.2470379,0.89979535,0.10020467,0.6251206,0.37487945
demo_13_05,site_13_05,block_13,2024,summer,validation,0.5180936666277807,0.6909665441435426,0.13,0.03,1,1.0,0.3178398325328593,0.3534127007623631,M_outer,H_outer,0.5332785,0.4132784,0.8996725,0.10032759,0.56254745,0.4374525
demo_13_06,site_13_06,block_13,2023,autumn,validation,0.6385768341705989,0.2917096615193629,0.13,0.03,1,1.0,0.3322122261219462,0.5687513761692788,M_outer,H_outer,0.37647083,0.6577205,0.3255739,0.67442614,0.7149162,0.28508383
demo_13_07,site_13_07,block_13,2024,winter,validation,0.4870887225803137,0.7709383192420152,0.03,0.1,1,1.0,0.4031675979451755,0.3373712197776849,M_outer,H_outer,0.51003575,0.40311325,0.8997422,0.10025788,0.749185,0.25081503
demo_13_08,site_13_08,block_13,2023,spring,validation,0.7529507649772068,0.4829083279894202,0.03,0.1,1,1.0,0.5902239550069125,0.6706457580689981,M_outer,H_outer,0.5856031,0.64763457,0.43409994,0.5659001,0.59903824,0.40096173
demo_13_09,site_13_09,block_13,2024,summer,validation,0.4203740409416561,0.7105717213060276,0.13,0.03,1,1.0,0.5241522814065693,0.4219184552419861,M_outer,H_outer,0.44308382,0.35367703,0.89976835,0.10023166,0.5371286,0.4628713
demo_13_10,site_13_10,block_13,2023,autumn,validation,0.5493940942313337,0.7483904027000365,0.13,0.03,1,1.0,0.5465006231407025,0.48704138194134,M_outer,H_outer,0.56673175,0.41347826,0.8994847,0.10051535,0.6360643,0.36393577
demo_13_11,site_13_11,block_13,2024,winter,validation,0.8412749689147778,0.2456377886824077,0.03,0.1,1,1.0,0.6305809814317304,0.7625783509114406,M_outer,H_outer,0.55811906,0.8042511,0.66667265,0.33332738,0.58726525,0.41273478
demo_13_12,site_13_12,block_13,2023,spring,validation,0.2113405018378037,0.659463414868158,0.03,0.1,1,1.0,0.1857993353860942,0.0783272420823281,M_outer,H_outer,0.23686709,0.25301912,0.89979523,0.100204796,0.622694,0.3773061
demo_13_13,site_13_13,block_13,2024,summer,validation,0.5456383938235161,0.6017814309366463,0.13,0.03,1,1.0,0.3761813403485514,0.3839498886590847,M_outer,H_outer,0.5511846,0.4800055,0.8967375,0.1032625,0.59308875,0.40691122
demo_13_14,site_13_14,block_13,2023,autumn,validation,0.2957938944515586,0.6245239539151044,0.13,0.03,1,1.0,0.1077428880478791,0.2198893573026575,M_outer,H_outer,0.31881475,0.33257493,0.8997126,0.1002874,0.5086511,0.49134892
demo_13_15,site_13_15,block_13,2024,winter,validation,0.5445796937550689,0.2683762989130917,0.03,0.1,1,1.0,0.3124064989995705,0.5151651997565116,M_outer,H_outer,0.3224298,0.56543195,0.259312,0.740688,0.8727334,0.1272666
demo_13_16,site_13_16,block_13,2023,spring,validation,0.9069988366644772,0.7556459147001682,0.03,0.1,1,1.0,0.8119863438810822,0.6201857250566366,M_outer,H_outer,0.7857024,0.5840791,0.2136473,0.78635275,0.66443235,0.33556768
demo_13_17,site_13_17,block_13,2024,summer,validation,0.999,0.8328466429661666,0.13,0.03,1,1.0,0.6800249333138046,0.5453849458935248,M_outer,H_outer,0.84989816,0.6032442,0.11141506,0.888585,0.7178541,0.28214598
demo_13_18,site_13_18,block_13,2023,autumn,validation,0.3612235382796849,0.8092682721320322,0.13,0.03,1,1.0,0.1731713057274181,0.1848581067772903,M_outer,H_outer,0.3916424,0.2912387,0.89976585,0.10023413,0.66278774,0.3372123
demo_13_19,site_13_19,block_13,2024,winter,validation,0.7543337938010862,0.0381902503586392,0.03,0.1,0,1.0,0.5549022454092873,,M_outer,H_outer,0.44548017,0.0,0.82345384,0.17654619,0.8243647,0.17563525
demo_13_20,site_13_20,block_13,2023,spring,validation,0.59348766051342,0.627918610640597,0.03,0.1,1,1.0,0.413964446704943,0.5065536873649912,M_outer,H_outer,0.597001,0.49272498,0.8953369,0.104663104,0.6014911,0.39850888
demo_13_21,site_13_21,block_13,2024,summer,validation,0.8057301172715763,0.8560231148422532,0.13,0.03,1,1.0,0.7211061556911068,0.5201932970908467,M_outer,H_outer,0.8204391,0.56205493,0.70121676,0.2987833,0.7908659,0.20913419
demo_13_22,site_13_22,block_13,2023,autumn,validation,0.6096067763030035,0.6440115859552474,0.13,0.03,1,1.0,0.3415606423090195,0.3886962295770435,M_outer,H_outer,0.6132895,0.49095595,0.890298,0.10970202,0.5975954,0.40240458
demo_13_23,site_13_23,block_13,2024,winter,validation,0.4528242383531857,0.7055299686721843,0.03,0.1,1,1.0,0.2952159943754674,0.3387545009605754,M_outer,H_outer,0.47340915,0.4035367,0.8997486,0.10025143,0.7322116,0.26778844
demo_14_00,site_14_00,block_14,2023,spring,validation,0.4140487606385942,0.8787309375121464,0.03,0.1,1,1.0,0.262526206704134,0.224452412834764,M_outer,H_outer,0.44647747,0.25854003,0.899793,0.10020703,0.6164953,0.38350475
demo_14_01,site_14_01,block_14,2024,summer,validation,0.6740948932467414,0.8749048308795411,0.13,0.03,1,1.0,0.6637318997555787,0.4761775974996823,M_outer,H_outer,0.69201595,0.42605805,0.8993724,0.10062763,0.72760403,0.27239594
demo_14_02,site_14_02,block_14,2023,autumn,validation,0.9583964129445348,0.738800608561005,0.13,0.03,1,1.0,0.7423459459617918,0.685023145670574,M_outer,H_outer,0.76212615,0.56437033,0.11944661,0.8805534,0.5926462,0.40735388
demo_14_03,site_14_03,block_14,2024,winter,validation,0.7119324646949313,0.3953623274963865,0.03,0.1,1,1.0,0.4528150355800049,0.6134873762274519,M_outer,H_outer,0.52187884,0.6622296,0.4720197,0.52798027,0.55696905,0.443031
demo_14_04,site_14_04,block_14,2023,spring,validation,0.9069570861778627,0.5703189950143058,0.03,0.1,1,1.0,0.6177580958088973,0.7037074141813354,M_outer,H_outer,0.72651356,0.65266496,0.5217971,0.47820294,0.55956054,0.4404395
demo_14_05,site_14_05,block_14,2024,summer,validation,0.2994287104317151,0.5271559363855958,0.13,0.03,1,1.0,0.1728496285685118,0.3408690014127369,M_outer,H_outer,0.3169181,0.38417217,0.8996372,0.10036279,0.45454064,0.5454594
demo_14_06,site_14_06,block_14,2023,autumn,validation,0.2353349032652129,0.2664036330447188,0.13,0.03,1,1.0,0.0,0.3459011085429467,M_outer,H_outer,0.24369375,0.3958188,0.71853334,0.2814667,0.54268247,0.4573175
demo_14_07,site_14_07,block_14,2024,winter,validation,0.7378799105319909,0.2358372337254478,0.03,0.1,1,1.0,0.52686260777272,0.6545690194171302,M_outer,H_outer,0.50967777,0.7457585,0.6756184,0.32438162,0.6965507,0.30344933
demo_14_08,site_14_08,block_14,2023,spring,validation,0.5885316688300721,0.6250160420605564,0.03,0.1,1,1.0,0.5026039622219903,0.471141587039989,M_outer,H_outer,0.59221625,0.49206823,0.8962347,0.103765346,0.6028522,0.3971478
demo_14_09,site_14_09,block_14,2024,summer,validation,0.5831217121963636,0.4863759299225183,0.13,0.03,1,1.0,0.3433304600887726,0.4519663413985608,M_outer,H_outer,0.49549335,0.56073207,0.102374285,0.89762574,0.69147766,0.3085223
demo_14_10,site_14_10,block_14,2023,autumn,validation,0.7163508540046049,0.4399962368371779,0.13,0.03,1,1.0,0.48771033707156,0.573170446534252,M_outer,H_outer,0.521966,0.6419665,0.35050234,0.6494976,0.5547439,0.44525614
demo_14_11,site_14_11,block_14,2024,winter,validation,0.7453102710972075,0.5353027717963987,0.03,0.1,1,1.0,0.5803681244715551,0.7210209814701406,M_outer,H_outer,0.6030327,0.5857022,0.35997126,0.6400288,0.48987782,0.5101222
demo_14_12,site_14_12,block_14,2023,spring,validation,0.5314527057296141,0.4577901078692285,0.03,0.1,1,1.0,0.4116766751260112,0.5339055399466237,M_outer,H_outer,0.46520653,0.53419006,0.1077097,0.8922903,0.7436235,0.25637656
demo_14_13,site_14_13,block_14,2024,summer,validation,0.3501370165895464,0.865128322009432,0.13,0.03,1,1.0,0.3733260190953248,0.3095833870744393,M_outer,H_outer,0.38335514,0.2422625,0.89979887,0.1002012,0.6139387,0.3860613
demo_14_14,site_14_14,block_14,2023,autumn,validation,0.2975444413846107,0.7980230554809802,0.13,0.03,1,1.0,0.295285173690087,0.1998088963717947,M_outer,H_outer,0.32846734,0.25860673,0.89978063,0.100219354,0.637967,0.36203295
demo_14_15,site_14_15,block_14,2024,winter,validation,0.2358988680874119,0.4807321695293194,0.03,0.1,0,1.0,0.0696651028096356,,M_outer,H_outer,0.25334844,0.0,0.89975864,0.100241356,0.7429402,0.25705984
demo_14_16,site_14_16,block_14,2023,spring,validation,0.5246587162736939,0.4675101293516924,0.03,0.1,1,1.0,0.4042315009393586,0.4935990919221137,M_outer,H_outer,0.4734828,0.5265678,0.11007434,0.8899257,0.75485057,0.24514952
demo_14_17,site_14_17,block_14,2024,summer,validation,0.7367713629624425,0.3066203361368328,0.13,0.03,1,1.0,0.615515181448398,0.7450843798133308,M_outer,H_outer,0.5236581,0.72022533,0.6105266,0.38947344,0.6258076,0.37419245
demo_14_18,site_14_18,block_14,2023,autumn,validation,0.4587448377317079,0.5368597258350145,0.13,0.03,0,1.0,0.468962133250896,,M_outer,H_outer,0.46625656,0.0,0.89670837,0.10329163,0.5901467,0.4098533
demo_14_19,site_14_19,block_14,2024,winter,validation,0.3046743864753832,0.8080523052989247,0.03,0.1,1,1.0,0.169374662363027,0.1874670198336624,M_outer,H_outer,0.33596873,0.27054146,0.899758,0.10024206,0.74282914,0.2571709
demo_14_20,site_14_20,block_14,2023,spring,validation,0.5836061606221199,0.2642799265945323,0.03,0.1,1,1.0,0.3812651738257436,0.6156595769769115,M_outer,H_outer,0.4079884,0.6031223,0.5481195,0.45188054,0.8579865,0.14201349
demo_14_21,site_14_21,block_14,2024,summer,validation,0.4919445952085076,0.4587959251836737,0.13,0.03,1,1.0,0.4561757659668313,0.5359563680935168,M_outer,H_outer,0.46346015,0.5047201,0.14499521,0.85500485,0.731344,0.26865602
demo_14_22,site_14_22,block_14,2023,autumn,validation,0.6107486348398982,0.8922296484959864,0.13,0.03,1,1.0,0.3809712252130103,0.2800125823197701,M_outer,H_outer,0.6344558,0.39894503,0.8995295,0.100470595,0.75450176,0.2454983
demo_14_23,site_14_23,block_14,2024,winter,validation,0.9246701821176596,0.7673966411504749,0.03,0.1,1,1.0,0.7794553789261772,0.5984339121564366,M_outer,H_outer,0.8006009,0.5587754,0.2272062,0.7727938,0.6350348,0.36496526
demo_15_00,site_15_00,block_15,2023,spring,validation,0.8742613254920748,0.7492201419081472,0.03,0.1,1,1.0,0.7572582940410946,0.6463525722163199,M_outer,H_outer,0.77315754,0.57570827,0.20376223,0.79623777,0.6654573,0.3345427
demo_15_01,site_15_01,block_15,2024,summer,validation,0.5647954920974679,0.4067821285552306,0.13,0.03,1,1.0,0.4664325128248055,0.5594542222520574,M_outer,H_outer,0.42075652,0.57047373,0.10291896,0.897081,0.79625565,0.20374438
demo_15_02,site_15_02,block_15,2023,autumn,validation,0.2333931121933615,0.4842726817436035,0.13,0.03,1,1.0,0.0985898171400628,0.2827428853179393,M_outer,H_outer,0.25116205,0.3687384,0.899477,0.100523055,0.42314297,0.57685703
demo_15_03,site_15_03,block_15,2024,winter,validation,0.568852562256918,0.4444392957257626,0.03,0.1,1,1.0,0.3839541645887429,0.5447285546862557,M_outer,H_outer,0.45992777,0.56371063,0.13879621,0.86120385,0.61595225,0.3840478
demo_15_04,site_15_04,block_15,2023,spring,validation,0.7945343785833504,0.7929298805324733,0.03,0.1,1,1.0,0.7032071656196927,0.5254867467469505,M_outer,H_outer,0.7940964,0.5707215,0.7272382,0.2727619,0.7539562,0.24604383
demo_15_05,site_15_05,block_15,2024,summer,validation,0.6207181314060171,0.5925753550500719,0.13,0.03,1,1.0,0.3702359591560625,0.4065805713395351,M_outer,H_outer,0.5966532,0.5226416,0.14780629,0.8521937,0.5915143,0.40848574
demo_15_06,site_15_06,block_15,2023,autumn,validation,0.1822185857817989,0.6390116818792055,0.13,0.03,1,1.0,0.1312413003287261,0.2300693875887772,M_outer,H_outer,0.20664105,0.25982848,0.89975715,0.100242935,0.4809909,0.5190091
demo_15_07,site_15_07,block_15,2024,winter,validation,0.71748523152304,0.7109188630911432,0.03,0.1,1,1.0,0.6298850866433329,0.5251470486061637,M_outer,H_outer,0.7137393,0.5110031,0.43065375,0.56934625,0.6266668,0.37333328
demo_15_08,site_15_08,block_15,2023,spring,validation,0.7354086115751941,0.4098367204143146,0.03,0.1,1,1.0,0.5348731649416353,0.7299084728314135,M_outer,H_outer,0.5547991,0.6769094,0.5179821,0.48201793,0.62327886,0.37672117
demo_15_09,site_15_09,block_15,2024,summer,validation,0.9985479074293284,0.3572135942552414,0.13,0.03,1,1.0,0.5776678793023318,0.708976271643591,M_outer,H_outer,0.6519904,0.7884071,0.5853254,0.4146746,0.4635798,0.5364202
demo_15_10,site_15_10,block_15,2023,autumn,validation,0.866762435150759,0.6236065360634809,0.13,0.03,1,1.0,0.4536486113867848,0.4238533368222282,M_outer,H_outer,0.66388386,0.57785964,0.19009423,0.8099058,0.513944,0.48605606
demo_15_11,site_15_11,block_15,2024,winter,validation,0.4886134703289432,0.4044217593657875,0.03,0.1,1,1.0,0.3060228299205809,0.5450159540241561,M_outer,H_outer,0.41263202,0.51106334,0.10627492,0.89372516,0.7730773,0.22692266
demo_15_12,site_15_12,block_15,2023,spring,validation,0.7663203907620818,0.8611702065887992,0.03,0.1,1,1.0,0.67937917672325,0.5456282723482521,M_outer,H_outer,0.77537143,0.51751953,0.8993774,0.10062262,0.7702154,0.22978467
demo_15_13,site_15_13,block_15,2024,summer,validation,0.999,0.4030486050574374,0.13,0.03,1,1.0,0.6074676175962417,0.7129915947191705,M_outer,H_outer,0.6635995,0.7581966,0.5493257,0.45067433,0.4643585,0.5356415
demo_15_14,site_15_14,block_15,2023,autumn,validation,0.4972279267431303,0.4094537066878548,0.13,0.03,1,1.0,0.5301264203671224,0.6970162838325353,M_outer,H_outer,0.41904053,0.5176378,0.11915969,0.8808403,0.76612014,0.2338799
demo_15_15,site_15_15,block_15,2024,winter,validation,0.2956333506020718,0.2115466075019059,0.03,0.1,1,1.0,0.1289090300801566,0.391096980076604,M_outer,H_outer,0.21954972,0.34183753,0.11095381,0.88904625,0.8519648,0.14803535
demo_15_16,site_15_16,block_15,2023,spring,validation,0.7864288154200825,0.8125570674129545,0.03,0.1,1,1.0,0.6943997274739475,0.5142940746306424,M_outer,H_outer,0.7895273,0.5710356,0.87968856,0.12031153,0.77681696,0.22318304
demo_15_17,site_15_17,block_15,2024,summer,validation,0.7152130085794569,0.4718999308876032,0.13,0.03,1,1.0,0.3458173817098373,0.4772840558870935,M_outer,H_outer,0.5118027,0.62893283,0.19521327,0.80478674,0.5761351,0.4238649
demo_15_18,site_15_18,block_15,2023,autumn,validation,0.9123150896914984,0.3457233149476112,0.13,0.03,1,1.0,0.527224131768767,0.6699668435860824,M_outer,H_outer,0.6322359,0.7544724,0.62207025,0.37792978,0.42859417,0.5714058
demo_15_19,site_15_19,block_15,2024,winter,validation,0.643570223218134,0.8359234393412145,0.03,0.1,1,1.0,0.543571493135669,0.4581770527508179,M_outer,H_outer,0.6606928,0.49337658,0.89958984,0.100410156,0.80554706,0.19445293
demo_15_20,site_15_20,block_15,2023,spring,validation,0.8098213802013866,0.7260432022415122,0.03,0.1,1,1.0,0.72672772094031,0.5588881071658256,M_outer,H_outer,0.74228275,0.5582699,0.20256293,0.79743713,0.65680367,0.3431964
demo_15_21,site_15_21,block_15,2024,summer,validation,0.5232383153946434,0.6779300772089497,0.13,0.03,1,1.0,0.3983439633407714,0.4176443270459298,M_outer,H_outer,0.5370185,0.42302614,0.8996341,0.10036595,0.56188565,0.43811437
demo_15_22,site_15_22,block_15,2023,autumn,validation,0.303808716951784,0.4883494613764427,0.13,0.03,1,1.0,0.1886600327599107,0.2866070225568484,M_outer,H_outer,0.3186946,0.40029204,0.8992167,0.10078336,0.47088823,0.5291118
demo_15_23,site_15_23,block_15,2024,winter,validation,0.3176080264596613,0.5927502068947822,0.03,0.1,1,1.0,0.177635827569583,0.317061176267997,M_outer,H_outer,0.33810613,0.3396694,0.8997655,0.10023449,0.72987753,0.27012244
demo_16_00,site_16_00,block_16,2025,spring,test,0.4193666046750864,0.5729854718940299,0.03,0.1,1,1.0,0.2884665576123086,0.3198658496872019,M_outer,H_outer,0.43269446,0.421984,0.8997602,0.100239836,0.6557275,0.34427246
demo_16_01,site_16_01,block_16,2025,summer,test,0.7425221456757234,0.9136554408239286,0.13,0.03,1,1.0,0.7218661210056256,0.5569459633447804,M_outer,H_outer,0.75840825,0.47154522,0.8979314,0.10206861,0.7889872,0.21101278
demo_16_02,site_16_02,block_16,2025,autumn,test,0.3497160699270841,0.5661889931457126,0.13,0.03,0,1.0,0.1959737508544048,,M_outer,H_outer,0.36706263,0.0,0.89952207,0.10047798,0.5026383,0.49736175
demo_16_03,site_16_03,block_16,2025,winter,test,0.6579703388176232,0.6239061909459939,0.03,0.1,1,1.0,0.5689767999495602,0.5173372272500183,M_outer,H_outer,0.6321769,0.49979475,0.24772847,0.75227153,0.5084,0.49159998
demo_16_04,site_16_04,block_16,2025,spring,test,0.3112425803538937,0.5326570371361962,0.03,0.1,1,1.0,0.1197937544360858,0.3336794854077759,M_outer,H_outer,0.32846248,0.35504532,0.8997774,0.10022261,0.6760741,0.32392597
demo_16_05,site_16_05,block_16,2025,summer,test,0.7743059052591242,0.3943832191288606,0.13,0.03,1,1.0,0.4880183370776099,0.6008090330647076,M_outer,H_outer,0.5666491,0.6940009,0.53719753,0.46280238,0.55439556,0.44560444
demo_16_06,site_16_06,block_16,2025,autumn,test,0.001,0.2468145158498488,0.13,0.03,1,1.0,0.0127658860418515,0.3263452386680415,M_outer,H_outer,0.0017659634,0.10636869,0.8967628,0.10323728,0.29548734,0.7045127
demo_16_07,site_16_07,block_16,2025,winter,test,0.7314069959923634,0.2847846739160935,0.03,0.1,1,1.0,0.5327938134691015,0.6889508957750987,M_outer,H_outer,0.50899315,0.7256865,0.6156475,0.38435254,0.649252,0.35074803
demo_16_08,site_16_08,block_16,2025,spring,test,0.3857123124609258,0.6326134541794822,0.03,0.1,1,1.0,0.307308081389506,0.2175217179454878,M_outer,H_outer,0.40531906,0.3785928,0.8997858,0.10021419,0.6172628,0.38273722
demo_16_09,site_16_09,block_16,2025,summer,test,0.8975204966237478,0.3808986939966238,0.13,0.03,1,1.0,0.468348721961046,0.5678580172752227,M_outer,H_outer,0.633833,0.74214524,0.5941554,0.40584463,0.48813197,0.51186806
demo_16_10,site_16_10,block_16,2025,autumn,test,0.640316605363912,0.1787772291378924,0.13,0.03,1,1.0,0.4993093909982921,0.6713755267159047,M_outer,H_outer,0.35063055,0.6849655,0.52796745,0.47203255,0.72911114,0.2708889
demo_16_11,site_16_11,block_16,2025,winter,test,0.6897389927105642,0.0226068423706443,0.03,0.1,1,1.0,0.5100710885191703,0.6794907943787311,M_outer,H_outer,0.41645956,0.7215779,0.8523947,0.1476053,0.8705387,0.12946132
demo_16_12,site_16_12,block_16,2025,spring,test,0.4192145027498745,0.4269666327846263,0.03,0.1,0,1.0,0.2474513884426078,,M_outer,H_outer,0.42014083,0.0,0.8795374,0.120462686,0.8717616,0.12823841
demo_16_13,site_16_13,block_16,2025,summer,test,0.2634091796773194,0.5187568947285214,0.13,0.03,1,1.0,0.0496374435445106,0.2481909104801432,M_outer,H_outer,0.2819467,0.37150759,0.89965045,0.10034955,0.4294322,0.5705678
demo_16_14,site_16_14,block_16,2025,autumn,test,0.7645712165545143,0.8467937561379641,0.13,0.03,1,1.0,0.5654440248727215,0.4011398091192135,M_outer,H_outer,0.77338207,0.5167402,0.88782245,0.112177566,0.75628775,0.2437123
demo_16_15,site_16_15,block_16,2025,winter,test,0.7740435265819188,0.4417502599571304,0.03,0.1,1,1.0,0.5950336281069173,0.6841433954409186,M_outer,H_outer,0.58179367,0.6590398,0.49095982,0.50904024,0.50785375,0.4921463
demo_16_16,site_16_16,block_16,2025,spring,test,0.6091666181082966,0.4913708267772065,0.03,0.1,0,1.0,0.4402685546052044,,M_outer,H_outer,0.503034,0.0,0.109164685,0.89083534,0.65091467,0.3490854
demo_16_17,site_16_17,block_16,2025,summer,test,0.5255515278497019,0.7315940017711832,0.13,0.03,1,1.0,0.3670641811646689,0.3735485726115528,M_outer,H_outer,0.5432782,0.3957739,0.89971143,0.100288585,0.57793546,0.4220645
demo_16_18,site_16_18,block_16,2025,autumn,test,0.4169482305235131,0.6105007320212051,0.13,0.03,1,1.0,0.3026452258088919,0.3484447404835665,M_outer,H_outer,0.43323994,0.40409684,0.899481,0.10051901,0.540273,0.459727
demo_16_19,site_16_19,block_16,2025,winter,test,0.6530259751710439,0.5336037685186639,0.03,0.1,1,1.0,0.5192214172298103,0.5311618572300589,M_outer,H_outer,0.55617875,0.5506253,0.20516655,0.7948335,0.49325097,0.50674903
demo_16_20,site_16_20,block_16,2025,spring,test,0.4619545085632412,0.986665706914181,0.03,0.1,1,1.0,0.4113214751495992,0.2971391309402455,M_outer,H_outer,0.49845532,0.1420766,0.8997878,0.100212224,0.66740274,0.33259726
demo_16_21,site_16_21,block_16,2025,summer,test,0.4349032497412597,0.8707628098109179,0.13,0.03,1,1.0,0.403042781302579,0.3045186297592822,M_outer,H_outer,0.46623802,0.27963942,0.8997868,0.10021329,0.6360675,0.36393246
demo_16_22,site_16_22,block_16,2025,autumn,test,0.2703254559299449,0.7411456739507015,0.13,0.03,1,1.0,0.0629792363111209,0.1374252133387721,M_outer,H_outer,0.29907867,0.26554337,0.8997789,0.100221075,0.58837897,0.41162106
demo_16_23,site_16_23,block_16,2025,winter,test,0.232709654700109,0.432610039009544,0.03,0.1,1,1.0,0.0,0.3054665426372897,M_outer,H_outer,0.24763757,0.28667337,0.8997254,0.10027468,0.766002,0.23399803
demo_17_00,site_17_00,block_17,2025,spring,test,0.5695380584215183,0.257664641917902,0.03,0.1,1,1.0,0.3449520076632654,0.6406026729239301,M_outer,H_outer,0.3981719,0.5909297,0.54871815,0.45128185,0.86084974,0.13915022
demo_17_01,site_17_01,block_17,2025,summer,test,0.4146216766781478,0.2801491103991326,0.13,0.03,1,1.0,0.2287660488516023,0.5174055163559276,M_outer,H_outer,0.29743308,0.47627833,0.15270525,0.8472948,0.7487012,0.25129882
demo_17_02,site_17_02,block_17,2025,autumn,test,0.1207659761343852,0.2767351952861036,0.13,0.03,1,1.0,0.0,0.29206225096762,M_outer,H_outer,0.1319685,0.3759286,0.8930197,0.10698037,0.36558944,0.6344106
demo_17_03,site_17_03,block_17,2025,winter,test,0.4638413081728397,0.9497380699131022,0.03,0.1,0,1.0,0.4479488016646929,,M_outer,H_outer,0.49839872,0.0,0.89972997,0.10027006,0.7835081,0.21649191
demo_17_04,site_17_04,block_17,2025,spring,test,0.1843738069035906,0.70960582527074,0.03,0.1,1,1.0,0.0956400207892749,0.0988292974798278,M_outer,H_outer,0.21103321,0.21934853,0.89979535,0.10020473,0.61763877,0.38236126
demo_17_05,site_17_05,block_17,2025,summer,test,0.4313296415777872,0.4286751008229976,0.13,0.03,1,1.0,0.2208409617142807,0.4379817371371372,M_outer,H_outer,0.4298297,0.46779126,0.43570918,0.5642908,0.7112993,0.28870067
demo_17_06,site_17_06,block_17,2025,autumn,test,0.2081222945142135,0.6355820808030219,0.13,0.03,0,1.0,0.365979859312451,,M_outer,H_outer,0.23276845,0.0,0.8997521,0.100248,0.48754382,0.51245624
demo_17_07,site_17_07,block_17,2025,winter,test,0.7692821907148486,0.8966925719090431,0.03,0.1,1,1.0,0.6649292786270754,0.5446159618012784,M_outer,H_outer,0.7813938,0.5944636,0.89806896,0.10193113,0.8715983,0.12840173
demo_17_08,site_17_08,block_17,2025,spring,test,0.7802387521984178,0.7114324975696784,0.03,0.1,1,1.0,0.7118452533145639,0.5681225076109061,M_outer,H_outer,0.72513026,0.55018115,0.2065737,0.79342633,0.648776,0.351224
demo_17_09,site_17_09,block_17,2025,summer,test,0.4003077324414548,0.8950685501842923,0.13,0.03,1,1.0,0.2167004605384479,0.1476550044896021,M_outer,H_outer,0.43392366,0.24871947,0.89979076,0.100209266,0.64456004,0.35544002
demo_17_10,site_17_10,block_17,2025,autumn,test,0.4810954195125386,0.6637736976281908,0.13,0.03,1,1.0,0.4276790271020454,0.3964689286377165,M_outer,H_outer,0.49692112,0.41294494,0.8994468,0.10055321,0.57365507,0.42634493
demo_17_11,site_17_11,block_17,2025,winter,test,0.2377414009637672,0.4365152189973599,0.03,0.1,1,1.0,0.048670501570853,0.3261631863364511,M_outer,H_outer,0.25267744,0.29091167,0.89972645,0.10027359,0.766111,0.23388898
demo_17_12,site_17_12,block_17,2025,spring,test,0.8450005545469573,0.3682729660589128,0.03,0.1,1,1.0,0.6250534755854927,0.7166024148845991,M_outer,H_outer,0.63143253,0.742985,0.64919734,0.35080275,0.5576822,0.44231787
demo_17_13,site_17_13,block_17,2025,summer,test,0.1157971022561064,0.5426375709216684,0.13,0.03,1,1.0,0.0763311832319486,0.2038186825087649,M_outer,H_outer,0.13519967,0.27866444,0.89970666,0.10029337,0.3606978,0.6393022
demo_17_14,site_17_14,block_17,2025,autumn,test,0.668305111910321,0.5411119920038915,0.13,0.03,1,1.0,0.368382428096106,0.4815001104429641,M_outer,H_outer,0.5575244,0.5834062,0.14153169,0.85846835,0.6386084,0.36139163
demo_17_15,site_17_15,block_17,2025,winter,test,0.7450015734866511,0.4088721553337548,0.03,0.1,0,1.0,0.5197616548744826,,M_outer,H_outer,0.54981184,0.0,0.493636,0.50636405,0.5314544,0.46854562
demo_17_16,site_17_16,block_17,2025,spring,test,0.2465551131970331,0.999,0.03,0.1,1,1.0,0.1900534344745067,0.1483685877565379,M_outer,H_outer,0.28366858,0.037900124,0.8997827,0.10021733,0.65999144,0.34000865
demo_17_17,site_17_17,block_17,2025,summer,test,0.3223024197900752,0.3278380917736411,0.13,0.03,1,1.0,0.2201882793041435,0.3541955217552138,M_outer,H_outer,0.32425898,0.42904755,0.6445977,0.35540235,0.61078376,0.38921627
demo_17_18,site_17_18,block_17,2025,autumn,test,0.7550773113755482,0.4622744260577927,0.13,0.03,1,1.0,0.3629309973081346,0.455545819781786,M_outer,H_outer,0.56875765,0.63874036,0.42248204,0.5775179,0.5071103,0.4928897
demo_17_19,site_17_19,block_17,2025,winter,test,0.474449031220259,0.278324545568574,0.03,0.1,1,1.0,0.2259543478410436,0.4533452038677615,M_outer,H_outer,0.2953641,0.49988884,0.111407414,0.8885926,0.87546754,0.12453246
demo_17_20,site_17_20,block_17,2025,spring,test,0.5872849942030988,0.9094129472999076,0.03,0.1,1,1.0,0.5753696258717456,0.3977132308338057,M_outer,H_outer,0.613594,0.30430192,0.89978415,0.1002159,0.6482505,0.35174954
demo_17_21,site_17_21,block_17,2025,summer,test,0.4028036798315415,0.4438304078565793,0.13,0.03,1,1.0,0.2654837801881192,0.4595424365717447,M_outer,H_outer,0.40845323,0.4504063,0.85640186,0.14359812,0.65377426,0.34622574
demo_17_22,site_17_22,block_17,2025,autumn,test,0.740202260896898,0.8388396559690435,0.13,0.03,1,1.0,0.7119570074584052,0.5642339597730944,M_outer,H_outer,0.7500408,0.5000091,0.8944474,0.10555264,0.7426757,0.25732434
demo_17_23,site_17_23,block_17,2025,winter,test,0.3134396449186055,0.9505529316078284,0.03,0.1,1,1.0,0.2614614929835527,0.2683333545446519,M_outer,H_outer,0.35031587,0.20136346,0.8997433,0.10025677,0.7603866,0.23961344
demo_18_00,site_18_00,block_18,2025,spring,test,0.4711192158441123,0.7382921139499553,0.03,0.1,1,1.0,0.3290881809322006,0.4602726309774096,M_outer,H_outer,0.49281344,0.36743617,0.8997849,0.100215115,0.57719135,0.42280865
demo_18_01,site_18_01,block_18,2025,summer,test,0.4907710524155796,0.4248711495709448,0.13,0.03,1,1.0,0.5170458057762406,0.6556535847112465,M_outer,H_outer,0.4321206,0.5108352,0.117335215,0.8826648,0.7473822,0.25261787
demo_18_02,site_18_02,block_18,2025,autumn,test,0.3678821036077492,0.774806940073661,0.13,0.03,1,1.0,0.3298758665642165,0.2592328943797362,M_outer,H_outer,0.39640123,0.30831027,0.89975935,0.10024071,0.6400686,0.3599314
demo_18_03,site_18_03,block_18,2025,winter,test,0.29184670233088,0.3780900204243733,0.03,0.1,1,1.0,0.2131769173524005,0.2978274765368895,M_outer,H_outer,0.2996269,0.32314453,0.8983819,0.10161812,0.8653508,0.13464925
demo_18_04,site_18_04,block_18,2025,spring,test,0.8548955673781943,0.6477923380153381,0.03,0.1,1,1.0,0.7140317514209769,0.6615127589629344,M_outer,H_outer,0.7076812,0.600473,0.31874755,0.68125254,0.60162586,0.39837426
demo_18_05,site_18_05,block_18,2025,summer,test,0.1408661419989005,0.2382296111228474,0.13,0.03,1,1.0,0.0958026233277089,0.39461472061319,M_outer,H_outer,0.15043494,0.41901827,0.87491876,0.12508135,0.3541404,0.64585966
demo_18_06,site_18_06,block_18,2025,autumn,test,0.2850585081453385,0.2805219619461545,0.13,0.03,1,1.0,0.0903882245419489,0.3853596889347352,M_outer,H_outer,0.28268385,0.40609348,0.4785493,0.5214507,0.617761,0.38223895
demo_18_07,site_18_07,block_18,2025,winter,test,0.6299203874692604,0.8413202396987819,0.03,0.1,1,1.0,0.5195782943924091,0.4463521169744642,M_outer,H_outer,0.6484831,0.47863474,0.89963824,0.10036178,0.8007873,0.19921267
demo_18_08,site_18_08,block_18,2025,spring,test,0.3962276191303615,0.5370487980610654,0.03,0.1,1,1.0,0.297719971255849,0.3297660949690228,M_outer,H_outer,0.4084932,0.41569144,0.89974874,0.10025128,0.6918743,0.3081257
demo_18_09,site_18_09,block_18,2025,summer,test,0.9928405411624526,0.6073666148290836,0.13,0.03,0,1.0,0.6849737988499519,,M_outer,H_outer,0.6754298,0.0,0.21613467,0.7838654,0.53542095,0.46457908
demo_18_10,site_18_10,block_18,2025,autumn,test,0.8235849479275792,0.9234153295389836,0.13,0.03,1,1.0,0.6871730103601459,0.5263761773217979,M_outer,H_outer,0.8354864,0.5369558,0.8745994,0.1254006,0.8199147,0.18008527
demo_18_11,site_18_11,block_18,2025,winter,test,0.2438664911336989,0.2347227333674414,0.03,0.1,1,1.0,0.0278782174050159,0.2604587810431115,M_outer,H_outer,0.23615214,0.2866733,0.1588746,0.8411255,0.85858697,0.1414131
demo_18_12,site_18_12,block_18,2025,spring,test,0.1273296348728323,0.50377903713747,0.03,0.1,1,1.0,0.0,0.2422926779113598,M_outer,H_outer,0.14614482,0.20849994,0.8997943,0.10020576,0.63744724,0.36255273
demo_18_13,site_18_13,block_18,2025,summer,test,0.2210079045118375,0.2870318628300702,0.13,0.03,1,1.0,0.020527055027893,0.2872590460558365,M_outer,H_outer,0.22916552,0.42409888,0.861335,0.13866512,0.4435221,0.5564779
demo_18_14,site_18_14,block_18,2025,autumn,test,0.4451892868669251,0.4560201190039341,0.13,0.03,0,1.0,0.4380684951769788,,M_outer,H_outer,0.44764563,0.0,0.7710915,0.22890854,0.68264735,0.31735265
demo_18_15,site_18_15,block_18,2025,winter,test,0.6672643032704301,0.5073098441761614,0.03,0.1,0,1.0,0.4744833656753966,,M_outer,H_outer,0.5441713,0.0,0.25593323,0.74406683,0.503724,0.49627605
demo_18_16,site_18_16,block_18,2025,spring,test,0.1387525867513896,0.5684336016674705,0.03,0.1,1,1.0,0.0586413909712192,0.2006611884635041,M_outer,H_outer,0.15981217,0.21080473,0.89979607,0.10020396,0.6314187,0.36858138
demo_18_17,site_18_17,block_18,2025,summer,test,0.1313147511065502,0.386041415207382,0.13,0.03,1,1.0,0.0717190159980117,0.2930792805310411,M_outer,H_outer,0.1463984,0.36841843,0.8991657,0.10083432,0.3311276,0.6688724
demo_18_18,site_18_18,block_18,2025,autumn,test,0.6294651243346464,0.4169339647030872,0.13,0.03,1,1.0,0.3888997916688253,0.5270306136976118,M_outer,H_outer,0.44178435,0.61565065,0.14053921,0.85946083,0.71018964,0.28981033
demo_18_19,site_18_19,block_18,2025,winter,test,0.8509446566367282,0.299453418223212,0.03,0.1,1,1.0,0.6385984100472191,0.7121962730229981,M_outer,H_outer,0.5791963,0.7791505,0.6316449,0.3683551,0.54679114,0.4532089
demo_18_20,site_18_20,block_18,2025,spring,test,0.1945742514867589,0.9108184620987296,0.03,0.1,1,1.0,0.106048043167688,0.0688104007625066,M_outer,H_outer,0.22712372,0.14639528,0.8997874,0.10021258,0.6353174,0.36468264
demo_18_21,site_18_21,block_18,2025,summer,test,0.5332424287159027,0.8093715722628094,0.13,0.03,1,1.0,0.5811414286092327,0.4110393136300322,M_outer,H_outer,0.5560238,0.36115256,0.89974415,0.10025591,0.6211777,0.3788224
demo_18_22,site_18_22,block_18,2025,autumn,test,0.6263768100082784,0.38008664112546,0.13,0.03,1,1.0,0.5909504293913128,0.6744515601597382,M_outer,H_outer,0.41185772,0.6245717,0.1607014,0.83929867,0.72175974,0.27824023
demo_18_23,site_18_23,block_18,2025,winter,test,0.5829180671792538,0.4917526820421586,0.03,0.1,1,1.0,0.4648522927281855,0.5890563899541632,M_outer,H_outer,0.5038599,0.5478522,0.14301322,0.8569868,0.54740506,0.4525949
demo_19_00,site_19_00,block_19,2025,spring,test,0.2656465595828755,0.1436100416817967,0.03,0.1,1,1.0,0.0607921017744691,0.3805859858081181,M_outer,H_outer,0.15587904,0.3604442,0.13328464,0.86671543,0.7392952,0.26070485
demo_19_01,site_19_01,block_19,2025,summer,test,0.9487616253291412,0.6916321080895462,0.13,0.03,1,1.0,0.6730091664564072,0.6466173691855156,M_outer,H_outer,0.7183468,0.6139775,0.11989188,0.8801082,0.6127651,0.3872349
demo_19_02,site_19_02,block_19,2025,autumn,test,0.5496559567294114,0.1894943104558665,0.13,0.03,1,1.0,0.2979728450761794,0.5464139872646928,M_outer,H_outer,0.2350883,0.5863245,0.20245597,0.79754406,0.83371145,0.16628858
demo_19_03,site_19_03,block_19,2025,winter,test,0.2036002555911366,0.6119349924768065,0.03,0.1,0,1.0,0.1559297788857058,,M_outer,H_outer,0.22734144,0.0,0.89977485,0.10022518,0.7203548,0.2796453
demo_19_04,site_19_04,block_19,2025,spring,test,0.4680818335055063,0.6516553143414566,0.03,0.1,1,1.0,0.3578081723439671,0.381404145494384,M_outer,H_outer,0.48386526,0.41511697,0.8997701,0.10022999,0.5935604,0.40643963
demo_19_05,site_19_05,block_19,2025,summer,test,0.7763934179937769,0.5183815969896713,0.13,0.03,1,1.0,0.6722035593293207,0.7327569470619947,M_outer,H_outer,0.5693816,0.61814934,0.23230532,0.7676947,0.52266854,0.47733146
demo_19_06,site_19_06,block_19,2025,autumn,test,0.5856766198105697,0.7042999289007562,0.13,0.03,0,1.0,0.4452525481948207,,M_outer,H_outer,0.59671295,0.0,0.8987813,0.10121877,0.60104996,0.3989501
demo_19_07,site_19_07,block_19,2025,winter,test,0.3278328647194927,0.4992437763630803,0.03,0.1,0,1.0,0.1419479192970946,,M_outer,H_outer,0.3419541,0.0,0.8997303,0.10026969,0.76080775,0.2391923
demo_19_08,site_19_08,block_19,2025,spring,test,0.6812917315043615,0.3283728290704146,0.03,0.1,1,1.0,0.5724215980975836,0.605922381498624,M_outer,H_outer,0.49168286,0.678649,0.5531125,0.44688743,0.7279674,0.27203262
demo_19_09,site_19_09,block_19,2025,summer,test,0.5850663687020313,0.8388289444810512,0.13,0.03,1,1.0,0.4362225587879176,0.3099345912474784,M_outer,H_outer,0.60659605,0.37647197,0.8996957,0.10030434,0.65803486,0.3419652
demo_19_10,site_19_10,block_19,2025,autumn,test,0.2493143148318363,0.5129873577580518,0.13,0.03,1,1.0,0.0106294583309245,0.250740584381101,M_outer,H_outer,0.26805392,0.36314264,0.8995565,0.10044348,0.43832877,0.56167126
demo_19_11,site_19_11,block_19,2025,winter,test,0.3779502220653259,0.8819158939291147,0.03,0.1,0,1.0,0.2873508746745827,,M_outer,H_outer,0.41145945,0.0,0.89974684,0.100253224,0.7609035,0.23909652
demo_19_12,site_19_12,block_19,2025,spring,test,0.4780806806701149,0.5191456852195678,0.03,0.1,1,1.0,0.2764025478997882,0.4291417903436144,M_outer,H_outer,0.4820971,0.47868422,0.8984765,0.10152353,0.78189343,0.2181066
demo_19_13,site_19_13,block_19,2025,summer,test,0.4404910578564955,0.7937576894522074,0.13,0.03,0,1.0,0.4584344833663009,,M_outer,H_outer,0.46726963,0.0,0.8997835,0.10021652,0.58683723,0.41316277
demo_19_14,site_19_14,block_19,2025,autumn,test,0.6225201340390438,0.5179695435498014,0.13,0.03,1,1.0,0.2765692492374466,0.3519880189750221,M_outer,H_outer,0.5303553,0.5753524,0.128526,0.871474,0.69193524,0.3080648
demo_19_15,site_19_15,block_19,2025,winter,test,0.3059166036565604,0.7957114234839561,0.03,0.1,1,1.0,0.2161943567813876,0.1773133295385974,M_outer,H_outer,0.3366808,0.2756164,0.89975893,0.10024113,0.7416846,0.2583154
demo_19_16,site_19_16,block_19,2025,spring,test,0.379452722757466,0.8012953605113681,0.03,0.1,1,1.0,0.3427771026135806,0.2615558248497853,M_outer,H_outer,0.4089669,0.2927503,0.8997937,0.100206345,0.5990016,0.4009984
demo_19_17,site_19_17,block_19,2025,summer,test,0.4673645653826568,0.5938853718700832,0.13,0.03,1,1.0,0.4441554883541197,0.4627953259436089,M_outer,H_outer,0.4787566,0.4388491,0.89947826,0.10052177,0.551846,0.44815397
demo_19_18,site_19_18,block_19,2025,autumn,test,0.625486120245034,0.6652382077109612,0.13,0.03,1,1.0,0.4691604824458772,0.4320647305728249,M_outer,H_outer,0.62966394,0.48578522,0.89195794,0.108042076,0.595651,0.40434903
demo_19_19,site_19_19,block_19,2025,winter,test,0.7895069073006465,0.8906674949511849,0.03,0.1,1,1.0,0.7475852459875221,0.5581825470529547,M_outer,H_outer,0.79957205,0.6181286,0.89492565,0.10507433,0.8762215,0.12377855
demo_19_20,site_19_20,block_19,2025,spring,test,0.8345645490075704,0.6301068415424876,0.03,0.1,1,1.0,0.6957304745940878,0.677356553622596,M_outer,H_outer,0.6891518,0.6018589,0.31873873,0.68126136,0.5982689,0.4017312
demo_19_21,site_19_21,block_19,2025,summer,test,0.2832853141760007,0.4241030054260136,0.13,0.03,1,1.0,0.1321895282120202,0.3265001457326177,M_outer,H_outer,0.29513028,0.41346678,0.898488,0.10151205,0.4670383,0.5329617
demo_19_22,site_19_22,block_19,2025,autumn,test,0.7636220229726918,0.1689873429267697,0.13,0.03,1,1.0,0.4264826044891527,0.641823807584942,M_outer,H_outer,0.4745934,0.7928471,0.6846579,0.31534216,0.5559127,0.44408733
demo_19_23,site_19_23,block_19,2025,winter,test,0.6757665368245559,0.4525433903589719,0.03,0.1,1,1.0,0.5041359906063846,0.6045182884547471,M_outer,H_outer,0.5200673,0.6127072,0.34685037,0.65314966,0.53477186,0.4652281
